Adjustment,Date,Company,ISIN
-,2024-12-16,Asymchem,CNE100002BZ6
+,2024-12-16,Biokin Pharm,CNE100006FN4
-,2024-12-16,Bloomage Biotech,CNE100003NL9
-,2024-12-16,BTN,CNE100004G74
+,2024-12-16,Capital Ses,CNE100005VG7
-,2024-12-16,ChongqingBrewery,CNE000000TL3
-,2024-12-16,CNGR,CNE1000049X9
+,2024-12-16,CSI Solar,CNE100006KH6
+,2024-12-16,CSICPCL,CNE000001KB1
-,2024-12-16,CVTE,CNE100002K47
+,2024-12-16,Eoptolink,CNE100002615
-,2024-12-16,Glodon,CNE100000PH8
-,2024-12-16,Ingenic,CNE100001377
+,2024-12-16,Jiangsu Exwy,CNE0000016S0
+,2024-12-16,Kelun Pharm,CNE100000PW7
-,2024-12-16,M&G,CNE100001V60
-,2024-12-16,Maxwell,CNE100003FS0
+,2024-12-16,Roborock,CNE100003R80
-,2024-12-16,Sangfor,CNE1000033T1
+,2024-12-16,Seres Grp,CNE1000028B9
+,2024-12-16,Sieyuan,CNE000001KM8
+,2024-12-16,SJI,CNE0000012L4
-,2024-12-16,ST Aiko,CNE000000LN6
+,2024-12-16,TFC,CNE100001XQ1
-,2024-12-16,ThunderSoft,CNE1000021D0
+,2024-12-16,TNMG,CNE000000529
-,2024-12-16,Walvax,CNE100000WN2
+,2024-12-16,WUS,CNE100000SP5
-,2024-12-16,YILING PHARMA,CNE1000015S0
+,2024-12-16,YTCO,CNE000000PY4
-,2024-12-16,Zhenhua Tech,CNE000000RY0
+,2024-12-16,ZJJH,CNE000000WQ6
+,2024-06-17,ACM Research SH,CNE100004ZD8
-,2024-06-17,Cathay Biotech,CNE100004447
+,2024-06-17,CMET,CNE1000032B1
+,2024-06-17,Commodities City,CNE000001BC8
+,2024-06-17,COSCO Energy,CNE000001BD6
+,2024-06-17,CRSC,CNE100003MP2
-,2024-06-17,Ecovacs,CNE1000031N8
-,2024-06-17,Ginlong Tech,CNE100003JZ7
-,2024-06-17,Goldwind Science,CNE1000008S5
-,2024-06-17,Greenland Hldng,CNE000000388
+,2024-06-17,HDPI,CNE000001LJ2
+,2024-06-17,HuaqinTechnology,CNE100006M82
-,2024-06-17,Jin Jiang Hotels,CNE000000MK0
+,2024-06-17,Kunlun,CNE100001YF2
-,2024-06-17,MYSE,CNE100003HQ0
-,2024-06-17,OCT,CNE000000SS0
-,2024-06-17,Qi An Xin,CNE1000041K3
+,2024-06-17,Range Tech,CNE100001Z58
-,2024-06-17,Seazen Holdg,CNE100002BF8
+,2024-06-17,Snibe,CNE100003T39
-,2024-06-17,StarPower,CNE100003RN6
+,2024-06-17,Tiantan Bio,CNE000000WF9
-,2024-06-17,TSM,CNE000000XV4
+,2024-06-17,Yunnan Alumin,CNE000000VG9
+,2023-12-11,AVIC AVIONICS,CNE0000018C0
+,2023-12-11,Cambricon,CNE1000041R8
+,2023-12-11,CINDA SECURITIES,CNE100005VS2
+,2023-12-11,CNOOC,CNE100005980
+,2023-12-11,CNResourceSanjiu,CNE0000011K8
+,2023-12-11,CZBank,CNE100003PS9
-,2023-12-11,Dynanonic,CNE100003K95
+,2023-12-11,Empyrean,CNE100005GY1
-,2023-12-11,Gemdale,CNE000001790
-,2023-12-11,Guide Infrared,CNE100000RK8
+,2023-12-11,HN Airport Infra,CNE000001C32
-,2023-12-11,Hoyuan Energy,CNE100003JF9
-,2023-12-11,Huafon Chemical,CNE000001NK6
+,2023-12-11,Hygon Info,CNE100005PT2
-,2023-12-11,Junzheng,CNE1000010F8
-,2023-12-11,Kangtai Bio,CNE100002Q33
-,2023-12-11,MJNY,CNE0000005J2
-,2023-12-11,NBSS,CNE000000JJ8
-,2023-12-11,Ronbay Tech,CNE100003MS6
-,2023-12-11,SUNWODA,CNE100001260
-,2023-12-11,TC Medical,CNE000000MZ8
+,2023-12-11,United Imaging,CNE100005PN5
+,2023-12-11,YILING PHARMA,CNE1000015S0
-,2023-12-11,YUNDA Holding,CNE100000015
-,2023-12-11,YXSpecial Matrls,CNE100001XB3
+,2023-12-11,ZHONGJIINNOLIGHT,CNE100001CY9
+,2023-12-11,ZHONGJIN GOLD,CNE000001FM8
+,2023-12-11,ZZEPC,CNE100001SP3
-,2023-06-12,AUTEK,CNE100002MR0
-,2023-06-12,Century Huatong,CNE1000015R2
+,2023-06-12,CMES,CNE000001PQ8
+,2023-06-12,CNPCCCL,CNE000000MS3
+,2023-06-12,Coking Coal Enr,CNE0000013Y5
+,2023-06-12,Dongfang Elec,CNE000000J28
-,2023-06-12,Han's Laser Tech,CNE000001JQ1
-,2023-06-12,Jafron,CNE100002995
+,2023-06-12,Jin Jiang Hotels,CNE000000MK0
+,2023-06-12,Jinko,CNE100005R96
-,2023-06-12,Kingmed Dgnstcs,CNE100002VW1
-,2023-06-12,Linglong Tyre,CNE100002GM3
+,2023-06-12,Lu an EED,CNE000001NT7
-,2023-06-12,LY iTECH,CNE1000015L5
-,2023-06-12,Roborock,CNE100003R80
+,2023-06-12,Shanghai Pharma,CNE000000C82
+,2023-06-12,ST Aiko,CNE000000LN6
-,2023-06-12,Supor,CNE000001KS5
-,2022-12-12,Anker Innovation,CNE1000047B9
-,2022-12-12,Bairun Invstmnt,CNE1000011K6
-,2022-12-12,CGT Group,CNE000000RL7
+,2022-12-12,CRRC Times Elec,CNE100004QK2
-,2022-12-12,CZBank,CNE100003PS9
+,2022-12-12,Dynanonic,CNE100003K95
+,2022-12-12,ENN-NG,CNE000000DG7
-,2022-12-12,Gan & Lee,CNE100003ZH1
-,2022-12-12,HYPC,CNE0000001J1
-,2022-12-12,Kinlong,CNE100002649
-,2022-12-12,Lepu Medical BJ,CNE100000H44
+,2022-12-12,MJNY,CNE0000005J2
+,2022-12-12,MYSE,CNE100003HQ0
+,2022-12-12,NB Deye Tech,CNE1000052S3
+,2022-12-12,NBSS,CNE000000JJ8
+,2022-12-12,Ninestar,CNE1000007W9
-,2022-12-12,Offcn Edu,CNE100001641
+,2022-12-12,SCTE,CNE000000BQ0
-,2022-12-12,Shenzhen Goodix,CNE100002G84
-,2022-12-12,SHRCB,CNE100004QD7
+,2022-12-12,SRBG,CNE000001DQ4
-,2022-12-12,Tiantan Bio,CNE000000WF9
+,2022-12-12,Tuopu,CNE1000023J3
+,2022-12-12,Xinjiang Daqo,CNE100004P24
+,2022-12-12,YTO Express,CNE0000012J8
+,2022-12-12,YXSpecial Matrls,CNE100001XB3
-,2022-12-12,YYTM,CNE000000594
+,2022-12-12,Zhenhua Tech,CNE000000RY0
-,2022-12-12,ZHONGJIN GOLD,CNE000001FM8
-,2022-12-12,ZJ Longsheng,CNE000001FJ4
-,2022-06-13,Autobio,CNE100002GC4
-,2022-06-13,Betta Pharms,CNE100002DD9
-,2022-06-13,BGI Genomics,CNE100003449
-,2022-06-13,BOC China,CNE100003R64
+,2022-06-13,BTN,CNE100004G74
-,2022-06-13,Caitong Secs,CNE100002V44
+,2022-06-13,Cathay Biotech,CNE100004447
-,2022-06-13,Changjiang Secs,CNE000000SH3
+,2022-06-13,CHINA LONGYUAN,CNE1000057F9
+,2022-06-13,China Mobile,CNE1000055G1
+,2022-06-13,CNCEC,CNE100000KC0
+,2022-06-13,CNGR,CNE1000049X9
-,2022-06-13,CRSC,CNE100003MP2
+,2022-06-13,Desay SV,CNE1000033C7
-,2022-06-13,DSL Pharm,CNE100002RG2
+,2022-06-13,Ginlong Tech,CNE100003JZ7
+,2022-06-13,GOTION,CNE000001NY7
+,2022-06-13,HLIG,CNE100004KP4
+,2022-06-13,Hoyuan Energy,CNE100003JF9
-,2022-06-13,HWHG,CNE000000QW6
+,2022-06-13,Ingenic,CNE100001377
-,2022-06-13,IntroMedTech,CNE100003456
-,2022-06-13,JONJEE,CNE000000HK0
-,2022-06-13,Juewei Food,CNE100002RT5
-,2022-06-13,Kingfa,CNE000001JP3
+,2022-06-13,Maxwell,CNE100003FS0
-,2022-06-13,MeinianOnehealth,CNE000001LV7
-,2022-06-13,NJ Securities,CNE1000031R9
+,2022-06-13,NS Aluminium,CNE000001139
-,2022-06-13,PWRD,CNE1000018W6
+,2022-06-13,Qinghai SaltLake,CNE000000SW2
+,2022-06-13,Ronbay Tech,CNE100003MS6
+,2022-06-13,Sangfor,CNE1000033T1
+,2022-06-13,SATELLITE CHEM,CNE100001B07
+,2022-06-13,SG Micro,CNE100002NT4
-,2022-06-13,Shanghai Pharma,CNE000000C82
-,2022-06-13,SHLG,CNE000000C74
+,2022-06-13,SHRCB,CNE100004QD7
+,2022-06-13,Silan,CNE000001DN1
-,2022-06-13,Sinolink Secs,CNE000000SV4
-,2022-06-13,Songcheng Prfrmn,CNE100000XG4
+,2022-06-13,StarPower,CNE100003RN6
-,2022-06-13,Suning.Com,CNE000001KF2
+,2022-06-13,SUNWODA,CNE100001260
+,2022-06-13,TBEA,CNE000000RB8
-,2022-06-13,TF Securities,CNE100003F43
+,2022-06-13,ThunderSoft,CNE1000021D0
+,2022-06-13,TSM,CNE000000XV4
-,2022-06-13,USISH,CNE100001BZ8
-,2022-06-13,Winner Medical,CNE1000047Z8
+,2022-06-13,Yankuang Energy,CNE000000WV6
-,2022-06-13,YH Superstores,CNE100000XX9
-,2022-06-13,Yifeng Pharmacy,CNE100001TS5
+,2022-06-13,Zangge Mining,CNE000000L08
-,2022-06-13,ZHEJIANG DINGLI,CNE1000023M7
-,2022-06-13,Zhengbang Tech,CNE1000006H2
+,2021-12-13,Anker Innovation,CNE1000047B9
-,2021-12-13,AVIC IF,CNE000000KC1
+,2021-12-13,Bairun Invstmnt,CNE1000011K6
-,2021-12-13,Bluestar Adisseo,CNE000001253
+,2021-12-13,CATL,CNE100003662
+,2021-12-13,CEEC,CNE100004QL0
-,2021-12-13,CFLD,CNE000001GG8
-,2021-12-13,China Spacesat,CNE000000SM3
+,2021-12-13,China Telecom,CNE100004QG0
-,2021-12-13,CHINALIN SECS,CNE100003JH5
-,2021-12-13,CMES,CNE000001PQ8
+,2021-12-13,CN Coal Energy,CNE100000957
-,2021-12-13,CQ RCB,CNE100003NZ9
-,2021-12-13,CSICPCL,CNE000001KB1
+,2021-12-13,CTGR,CNE1000051F2
-,2021-12-13,DSBJ,CNE100000N79
+,2021-12-13,EasternShenghong,CNE0000012K6
+,2021-12-13,Eastroc Beverage,CNE100005576
+,2021-12-13,Ecovacs,CNE1000031N8
+,2021-12-13,Flat,CNE100003HV0
-,2021-12-13,Giant Network,CNE1000010R3
-,2021-12-13,Great Wall Secs,CNE100003GD0
-,2021-12-13,Guoyuan Secs,CNE000000QZ9
+,2021-12-13,Hoshine Silicon,CNE100002V10
+,2021-12-13,Huafon Chemical,CNE000001NK6
-,2021-12-13,Huahai Pharm,CNE000001DL5
+,2021-12-13,Imeik Technology,CNE100004868
+,2021-12-13,JA Solar Techno,CNE100000SD1
-,2021-12-13,Jinke Property,CNE000000073
+,2021-12-13,JSG,CNE100001DJ8
-,2021-12-13,KHPG,CNE1000020C4
+,2021-12-13,Kinlong,CNE100002649
+,2021-12-13,Linglong Tyre,CNE100002GM3
+,2021-12-13,Maxscend Micro,CNE100003QK4
-,2021-12-13,OFILM,CNE100000S33
+,2021-12-13,Pharmaron,CNE100003JW4
+,2021-12-13,Qi An Xin,CNE1000041K3
-,2021-12-13,Robam,CNE100000WY9
-,2021-12-13,Sanan Optoelec,CNE000000KB3
-,2021-12-13,SCS,CNE1000019P8
-,2021-12-13,ShanghaiElectric,CNE100000D55
+,2021-12-13,Shenzhen Mindray,CNE100003G67
-,2021-12-13,Shiji Info,CNE100000668
-,2021-12-13,Shunxin Agr,CNE000000XH3
+,2021-12-13,SMIC,CNE1000041W8
-,2021-12-13,SUNWAY COMM,CNE100000W94
+,2021-12-13,Tianqi Lithium,CNE100000T32
+,2021-12-13,TINCI,CNE100001RG4
+,2021-12-13,TrinaSolar,CNE100003ZR0
-,2021-12-13,Wanda Film,CNE100001WW1
-,2021-12-13,Western Sec,CNE100001D96
+,2021-12-13,Winner Medical,CNE1000047Z8
-,2021-12-13,WUS,CNE100000SP5
+,2021-12-13,YKA,CNE1000048D3
-,2021-12-13,YTO Express,CNE0000012J8
-,2021-12-13,ZTT,CNE000001CW4
-,2021-06-15,Aisino,CNE000001FB1
+,2021-06-15,AUTEK,CNE100002MR0
-,2021-06-15,Bank of Changsha,CNE100003F50
+,2021-06-15,Betta Pharms,CNE100002DD9
-,2021-06-15,Biocause Pharma,CNE000000F48
+,2021-06-15,Bloomage Biotech,CNE100003NL9
-,2021-06-15,C.G.G.C,CNE000000QF1
+,2021-06-15,ChongqingBrewery,CNE000000TL3
+,2021-06-15,CIC Corp,CNE1000048J0
-,2021-06-15,CNCEC,CNE100000KC0
+,2021-06-15,CR Microelec,CNE100003S06
-,2021-06-15,Dongxing Secs,CNE100002177
+,2021-06-15,DSL Pharm,CNE100002RG2
+,2021-06-15,FAW Jiefang,CNE000000R85
-,2021-06-15,FiberHome,CNE0000018P2
+,2021-06-15,First,CNE100001VX1
-,2021-06-15,GBIAC,CNE000001DX0
-,2021-06-15,Grand Automotive,CNE000001576
-,2021-06-15,HDPI,CNE000001LJ2
-,2021-06-15,HTGD,CNE000001FQ9
+,2021-06-15,Huahai Pharm,CNE000001DL5
+,2021-06-15,HUALU-HENGSHENG,CNE000001BM7
+,2021-06-15,HWHG,CNE000000QW6
+,2021-06-15,IntroMedTech,CNE100003456
-,2021-06-15,Jointown,CNE100000W45
+,2021-06-15,Juewei Food,CNE100002RT5
-,2021-06-15,Kelun Pharm,CNE100000PW7
+,2021-06-15,Kingfa,CNE000001JP3
+,2021-06-15,Kingmed Dgnstcs,CNE100002VW1
+,2021-06-15,Kingsoft Office,CNE100003PM2
+,2021-06-15,Lead Intelligent,CNE100001ZF9
-,2021-06-15,MinmetalsCapital,CNE0000016N1
-,2021-06-15,MJNY,CNE0000005J2
+,2021-06-15,NSIG,CNE1000040F5
-,2021-06-15,OPG,CNE0000004Z1
+,2021-06-15,Putailai,CNE100002TX3
-,2021-06-15,QRCB,CNE100003JQ6
-,2021-06-15,QZXA Develop,CNE000000ZH8
-,2021-06-15,RiseSun,CNE1000005Y9
+,2021-06-15,Roborock,CNE100003R80
+,2021-06-15,Sungrow,CNE1000018M7
-,2021-06-15,SWSC,CNE0000016P6
+,2021-06-15,Xingyu Co Ltd,CNE1000011H2
-,2021-06-15,Yango,CNE000000206
-,2021-06-15,Yangyuan,CNE100002ST3
+,2021-06-15,Yifeng Pharmacy,CNE100001TS5
-,2021-06-15,Youngor Fashion,CNE000000XR2
-,2021-06-15,YTCO,CNE000000PY4
+,2021-06-15,ZHEJIANG DINGLI,CNE1000023M7
-,2021-06-15,Zhongnan Cons,CNE0000011P7
-,2020-12-21,ANSTEEL,CNE000000SQ4
+,2020-12-21,Autobio,CNE100002GC4
-,2020-12-21,BAIC BluePark,CNE000000LP1
+,2020-12-21,BJ-SH Hgh Spd,CNE100003RV9
-,2020-12-21,Bohai Leasing,CNE0000009B1
-,2020-12-21,BOW,CNE100000N95
+,2020-12-21,CGNPwr,CNE100003N43
+,2020-12-21,CGT Group,CNE000000RL7
+,2020-12-21,CITIC Steel,CNE0000008J6
+,2020-12-21,CQ RCB,CNE100003NZ9
+,2020-12-21,CZBank,CNE100003PS9
-,2020-12-21,DEEJ,CNE0000006Y9
+,2020-12-21,EVE,CNE100000GS4
-,2020-12-21,Gold Mantis,CNE000001P86
+,2020-12-21,IEIT SYSTEMS,CNE0000012M2
-,2020-12-21,J-Yuan Trust,CNE0000003P4
+,2020-12-21,Jiangsu Hengli,CNE1000019R4
-,2020-12-21,Jumpcan Pharm,CNE0000018X6
+,2020-12-21,Kangtai Bio,CNE100002Q33
+,2020-12-21,King's Luck,CNE100001TH8
-,2020-12-21,LJZ,CNE0000009S5
+,2020-12-21,NAURA,CNE100000ML7
-,2020-12-21,PGVT,CNE0000007H2
+,2020-12-21,PSBC,CNE100003PZ4
-,2020-12-21,Salubris,CNE100000FW8
+,2020-12-21,Shunxin Agr,CNE000000XH3
-,2020-12-21,SIASUN,CNE100000GH7
-,2020-12-21,Tasly,CNE000001C81
-,2020-12-21,THTF,CNE000000RK9
-,2020-12-21,TNMG,CNE000000529
-,2020-12-21,Transfar Zhilian,CNE000001JS7
-,2020-12-21,Tunghsu Optoelec,CNE000000578
+,2020-12-21,TZE,CNE1000000B8
+,2020-12-21,USISH,CNE100001BZ8
-,2020-12-21,Wangsu,CNE100000GQ8
+,2020-12-21,WINGTECH,CNE000000M72
+,2020-12-21,WUS,CNE100000SP5
-,2020-12-21,XM C&D,CNE000000WL7
-,2020-12-21,YanAn Bicon,CNE100000PJ4
+,2020-12-21,YEALINK,CNE100002PC5
+,2020-12-21,Zhengbang Tech,CNE1000006H2
-,2020-12-21,ZZEPC,CNE100001SP3
+,2020-12-14,AMEC,CNE100003MM9
+,2020-12-14,Asymchem,CNE100002BZ6
-,2020-12-14,AVIC AVIONICS,CNE0000018C0
-,2020-12-14,Avicopter,CNE0000015V6
-,2020-12-14,BaiyinNonferrous,CNE100002RP3
-,2020-12-14,Bank of Xi'an,CNE100003JB8
+,2020-12-14,Baosight,CNE000000C66
-,2020-12-14,BBMG Corp,CNE1000010M4
+,2020-12-14,BGI Genomics,CNE100003449
+,2020-12-14,BOC China,CNE100003R64
-,2020-12-14,China Film,CNE100002GX0
+,2020-12-14,CMES,CNE000001PQ8
-,2020-12-14,CN Coal Energy,CNE100000957
-,2020-12-14,CNOOC Energy Tec,CNE100003L78
-,2020-12-14,COOEC,CNE0000019T2
+,2020-12-14,CRSC,CNE100003MP2
+,2020-12-14,CSSC Holdings,CNE000000W05
+,2020-12-14,DSBJ,CNE100000N79
+,2020-12-14,ENERGY TECH,CNE100002BR3
-,2020-12-14,FangDa Carbon,CNE000001CC6
+,2020-12-14,Gan & Lee,CNE100003ZH1
+,2020-12-14,Goneo Group,CNE100003RL0
+,2020-12-14,Guide Infrared,CNE100000RK8
+,2020-12-14,GUOXIN MICRO,CNE000001M14
-,2020-12-14,GYB,CNE100002FX2
-,2020-12-14,Hainan Airlines,CNE0000011C5
-,2020-12-14,HBIS,CNE000000H20
-,2020-12-14,HLA GROUP,CNE0000016H3
-,2020-12-14,Hoshine Silicon,CNE100002V10
+,2020-12-14,Jafron,CNE100002995
+,2020-12-14,JCET,CNE000001F05
+,2020-12-14,JONJEE,CNE000000HK0
+,2020-12-14,LY iTECH,CNE1000015L5
-,2020-12-14,Macalline,CNE100002RX7
+,2020-12-14,Montage Tech,CNE100003MN7
+,2020-12-14,NJ Securities,CNE1000031R9
-,2020-12-14,NS Aluminium,CNE000001139
-,2020-12-14,NZP,CNE100000V12
-,2020-12-14,QD Port Intl,CNE100003GT6
-,2020-12-14,SCTE,CNE000000BQ0
-,2020-12-14,Shanghai Const,CNE000000WR4
-,2020-12-14,STO Express,CNE100000T99
-,2020-12-14,TBEA,CNE000000RB8
+,2020-12-14,TC Medical,CNE000000MZ8
-,2020-12-14,THDB,CNE000000H87
-,2020-12-14,Tianqi Lithium,CNE100000T32
+,2020-12-14,Tiantan Bio,CNE000000WF9
+,2020-12-14,Transsion,CNE100003P74
+,2020-12-14,Tsingtao Brewery,CNE0000009Y3
+,2020-12-14,Wantai,CNE100004090
-,2020-12-14,Yankuang Energy,CNE000000WV6
+,2020-12-14,Zhongtai Secs,CNE100004900
-,2019-12-16,ADAMA Ltd,CNE0000004V0
+,2019-12-16,Bank of Xi'an,CNE100003JB8
+,2019-12-16,Baofeng Energy,CNE100003LF5
-,2019-12-16,BUCHANG PHARMA,CNE100002FV6
+,2019-12-16,China Satcom,CNE100003PX9
-,2019-12-16,CN Ptrlum Eng,CNE000001642
+,2019-12-16,CNOOC Energy Tec,CNE100003L78
-,2019-12-16,Commodities City,CNE000001BC8
+,2019-12-16,CVTE,CNE100002K47
-,2019-12-16,DHCC,CNE000001NL4
-,2019-12-16,Enlight Media,CNE100001617
-,2019-12-16,Financial St,CNE000000KT5
-,2019-12-16,GZ Port,CNE100002RF4
-,2019-12-16,Haixin Energy-Te,CNE100000NP6
+,2019-12-16,Hongta Sec,CNE100003PY7
-,2019-12-16,Intretech,CNE1000033H6
-,2019-12-16,KCT,CNE1000018P0
-,2019-12-16,Leyard,CNE100001CB7
+,2019-12-16,M&G,CNE100001V60
+,2019-12-16,MJNY,CNE0000005J2
+,2019-12-16,Offcn Edu,CNE100001641
-,2019-12-16,Orient Landscape,CNE100000HN3
+,2019-12-16,QRCB,CNE100003JQ6
+,2019-12-16,Shennan Circuits,CNE100003373
+,2019-12-16,SHLG,CNE000000C74
-,2019-12-16,SPC,CNE000000BB2
+,2019-12-16,Sytech,CNE000000XL5
+,2019-12-16,Tigermed,CNE100001KV8
+,2019-12-16,WillSemi,CNE100002XM8
-,2019-12-16,Wuchan Zhongda,CNE000000KF4
+,2019-12-16,YYTM,CNE000000594
-,2019-12-16,Zangge Mining,CNE000000L08
+,2019-06-17,Avary Holding,CNE100003GF5
+,2019-06-17,BAIC BluePark,CNE000000LP1
+,2019-06-17,Bank of Changsha,CNE100003F50
+,2019-06-17,Bluestar Adisseo,CNE000001253
+,2019-06-17,CHINALIN SECS,CNE100003JH5
-,2019-06-17,CITIC Guoan,CNE000000TD0
-,2019-06-17,CMET,CNE1000032B1
-,2019-06-17,CN Rfrm Hlth,CNE000000255
-,2019-06-17,CNECC,CNE100002896
-,2019-06-17,Coking Coal Enr,CNE0000013Y5
-,2019-06-17,Datang Power,CNE000001Q02
-,2019-06-17,FCSC,CNE1000027G0
+,2019-06-17,Glodon,CNE100000PH8
+,2019-06-17,Great Wall Secs,CNE100003GD0
-,2019-06-17,GSRC,CNE000001Q44
+,2019-06-17,GU JING,CNE000000MD5
-,2019-06-17,HUAAN SECURITIES,CNE100002GR2
+,2019-06-17,Jinke Property,CNE000000073
-,2019-06-17,KDX,CNE100000RN2
-,2019-06-17,KMYY,CNE0000017M1
+,2019-06-17,LJZ,CNE0000009S5
-,2019-06-17,LNCD,CNE000000LY3
+,2019-06-17,MANGO,CNE100001Y83
+,2019-06-17,PGVT,CNE0000007H2
+,2019-06-17,PICC Group,CNE100003F27
+,2019-06-17,QD Port Intl,CNE100003GT6
-,2019-06-17,Qinghai SaltLake,CNE000000SW2
-,2019-06-17,SFY,CNE100001203
-,2019-06-17,Shougang,CNE000001196
+,2019-06-17,Sugon,CNE100001TW7
+,2019-06-17,TF Securities,CNE100003F43
+,2019-06-17,Transfar Zhilian,CNE000001JS7
-,2019-06-17,TUS-EST,CNE000000BX6
+,2019-06-17,Wanda Film,CNE100001WW1
-,2019-06-17,Wanfeng Auto,CNE000001PF1
+,2019-06-17,WENS FOODSTUFF,CNE100002508
-,2019-06-17,WTECL,CNE000000WD4
-,2019-06-17,XTC,CNE000001D15
+,2018-12-17,ADAMA Ltd,CNE0000004V0
-,2018-12-17,BJ Cap Deve,CNE000001782
-,2018-12-17,CapitalECO-ProGr,CNE000001295
+,2018-12-17,CCHT,CNE0000007J8
+,2018-12-17,China Securities,CNE1000031T5
-,2018-12-17,Chinese Media,CNE0000019X4
-,2018-12-17,COSCO Dev,CNE1000008F2
-,2018-12-17,DBN Group,CNE100000N61
-,2018-12-17,DR.PENG,CNE000000FW9
+,2018-12-17,FII,CNE1000031P3
+,2018-12-17,GBIAC,CNE000001DX0
+,2018-12-17,Gigadevice,CNE1000030S9
-,2018-12-17,GOTION,CNE000001NY7
+,2018-12-17,Haid Group,CNE100000HP8
-,2018-12-17,HBMC,CNE100000GD6
+,2018-12-17,HDPI,CNE000001LJ2
+,2018-12-17,HYPC,CNE0000001J1
-,2018-12-17,JDC,CNE1000009Y1
-,2018-12-17,Jiangsu Guoxin,CNE100001658
-,2018-12-17,Jihua Group,CNE100000SK6
-,2018-12-17,Jilin Aodong,CNE000000719
+,2018-12-17,Jointown,CNE100000W45
+,2018-12-17,Jonhon,CNE1000007T5
-,2018-12-17,JSCN,CNE1000022G1
+,2018-12-17,Jumpcan Pharm,CNE0000018X6
+,2018-12-17,Kelun Pharm,CNE100000PW7
+,2018-12-17,KHPG,CNE1000020C4
-,2018-12-17,KINGENTA,CNE100000TC1
+,2018-12-17,Leyard,CNE100001CB7
-,2018-12-17,LJZ,CNE0000009S5
-,2018-12-17,MJNY,CNE0000005J2
+,2018-12-17,NHU,CNE000001J84
-,2018-12-17,NJXB,CNE000000CX4
-,2018-12-17,Nonfemet,CNE000000FS7
+,2018-12-17,Oriental Yuhong,CNE100000CS3
-,2018-12-17,PacificSecs,CNE1000008V9
-,2018-12-17,Shanxi Securitie,CNE100000WJ0
-,2018-12-17,STEC,CNE000000B83
+,2018-12-17,Supor,CNE000001KS5
+,2018-12-17,Walvax,CNE100000WN2
-,2018-12-17,Wanda Film,CNE100001WW1
+,2018-12-17,Wuxi AppTec,CNE1000031K4
-,2018-12-17,WXQC,CNE000000FB3
+,2018-12-17,Yangyuan,CNE100002ST3
+,2018-12-17,YUNDA Holding,CNE100000015
+,2018-12-17,Zangge Mining,CNE000000L08
-,2018-12-17,Zhongtian,CNE000000FL2
+,2018-12-17,ZHSF,CNE000000MH6
+,2018-06-11,360,CNE100002RZ2
-,2018-06-11,AECC AEC,CNE000000RM5
-,2018-06-11,Alpha Group,CNE100000FT4
+,2018-06-11,BNBMPLC,CNE000000QS4
+,2018-06-11,Caitong Secs,CNE100002V44
-,2018-06-11,CCSC,CNE100002FF9
+,2018-06-11,CCTC,CNE100001Y42
+,2018-06-11,Chengdu Bank,CNE100002SN6
-,2018-06-11,Chengtou Holding,CNE0000005R5
-,2018-06-11,CHIC,CNE100001SX7
+,2018-06-11,China Jushi,CNE000000YM1
-,2018-06-11,CHSR,CNE0000001C6
-,2018-06-11,CMES,CNE000001PQ8
+,2018-06-11,CMET,CNE1000032B1
+,2018-06-11,CN Ptrlum Eng,CNE000001642
-,2018-06-11,COMEC,CNE000000BP2
+,2018-06-11,COSL,CNE100000759
-,2018-06-11,CVTE,CNE100002K47
+,2018-06-11,FangDa Carbon,CNE000001CC6
+,2018-06-11,GAC Group,CNE100001NQ2
-,2018-06-11,GZBL,CNE100000PY3
+,2018-06-11,HAI TIAN,CNE100001SL2
-,2018-06-11,Haige Commns,CNE100000T24
-,2018-06-11,Hainan Rubber,CNE100000YM0
+,2018-06-11,HLA GROUP,CNE0000016H3
+,2018-06-11,HLGF,CNE0000018V0
+,2018-06-11,HN Hydropower,CNE100002T71
+,2018-06-11,Hoshine Silicon,CNE100002V10
+,2018-06-11,HTGD,CNE000001FQ9
+,2018-06-11,Intretech,CNE1000033H6
+,2018-06-11,KCT,CNE1000018P0
+,2018-06-11,Lens,CNE100001YW7
-,2018-06-11,Linglong Tyre,CNE100002GM3
+,2018-06-11,Macalline,CNE100002RX7
-,2018-06-11,Northeast Secs,CNE0000004H9
-,2018-06-11,Ourpalm,CNE100001DH2
-,2018-06-11,Protrully,CNE000000RC6
+,2018-06-11,RSPC,CNE100000W60
+,2018-06-11,Sanhua,CNE000001M22
-,2018-06-11,SEALAND SEC,CNE0000008K4
-,2018-06-11,SH Elec Power,CNE000001G53
-,2018-06-11,Shanghai Bailian,CNE000000CB0
+,2018-06-11,Shanxi Fen Wine,CNE000000DH5
-,2018-06-11,Sinopec SSC,CNE000000HS3
+,2018-06-11,THDB,CNE000000H87
+,2018-06-11,Tongwei,CNE000001GS3
-,2018-06-11,TRIANGLE TYRE,CNE100002GN1
-,2018-06-11,VictoryPrecision,CNE100000Q01
+,2018-06-11,Wanfeng Auto,CNE000001PF1
-,2018-06-11,Xinwei Group,CNE000001FK2
-,2018-06-11,YOOZOO,CNE1000007K4
-,2018-06-11,Yuto Packaging,CNE100002H00
-,2018-06-11,ZJHTC,CNE000000JX9
-,2018-06-11,ZRCBANK,CNE100002K54
+,2017-12-11,Aiereye Hospital,CNE100000GR6
+,2017-12-11,ANSTEEL,CNE000000SQ4
+,2017-12-11,BaiyinNonferrous,CNE100002RP3
-,2017-12-11,BGCTV,CNE0000016Y8
-,2017-12-11,China Baoan Grp,CNE000000222
+,2017-12-11,CN Coal Energy,CNE100000957
-,2017-12-11,COFCO Sugar Hldg,CNE000000LH8
-,2017-12-11,CSSC Holdings,CNE000000W05
+,2017-12-11,Datang Power,CNE000001Q02
-,2017-12-11,DCITS,CNE000000FM0
-,2017-12-11,Eternal Asia,CNE1000007Y5
+,2017-12-11,Ganfeng Lithium,CNE100000SF6
-,2017-12-11,GRG Banking,CNE100000650
-,2017-12-11,Guanghui Stone,CNE0000012G4
-,2017-12-11,GUOXIN MICRO,CNE000001M14
+,2017-12-11,GZ Port,CNE100002RF4
-,2017-12-11,Hisense Visual,CNE000000PF3
+,2017-12-11,HNPI,CNE000001998
-,2017-12-11,Huace Film & TV,CNE100000VX3
-,2017-12-11,Huawen,CNE0000002L5
+,2017-12-11,Huayou Cobalt,CNE100001VW3
-,2017-12-11,IEIT SYSTEMS,CNE0000012M2
+,2017-12-11,Jiangsu Guoxin,CNE100001658
+,2017-12-11,LB Group,CNE1000015M3
-,2017-12-11,Leo GROUP,CNE1000000F9
+,2017-12-11,Lepu Medical BJ,CNE100000H44
-,2017-12-11,LETV,CNE100000SJ8
+,2017-12-11,LONGi,CNE100001FR6
+,2017-12-11,MinmetalsCapital,CNE0000016N1
+,2017-12-11,MJNY,CNE0000005J2
-,2017-12-11,Neusoft,CNE000000KJ6
+,2017-12-11,NS Aluminium,CNE000001139
+,2017-12-11,Oppein,CNE100002RB3
+,2017-12-11,PWRD,CNE1000018W6
+,2017-12-11,Salubris,CNE100000FW8
-,2017-12-11,Seres Grp,CNE1000028B9
+,2017-12-11,SFY,CNE100001203
+,2017-12-11,STO Express,CNE100000T99
-,2017-12-11,Stonehill Tech,CNE1000008K2
-,2017-12-11,Suning Universal,CNE0000007N0
-,2017-12-11,Sunner,CNE100000G78
+,2017-12-11,SUNWAY COMM,CNE100000W94
-,2017-12-11,SZ Kingdom,CNE000001GF0
-,2017-12-11,TIK,CNE000000YB4
-,2017-12-11,Wasu Media,CNE0000014L0
-,2017-12-11,Wonders Info,CNE100000ZD6
+,2017-12-11,ZHESHANG SECS,CNE100002R65
+,2017-12-11,Zhifei-Biol,CNE100000V20
+,2017-06-12,37 Interactive,CNE1000010N2
-,2017-06-12,Aiereye Hospital,CNE100000GR6
-,2017-06-12,Aurora Optoelect,CNE0000003S8
-,2017-06-12,Bairun Invstmnt,CNE1000011K6
+,2017-06-12,Bank of JS,CNE100002G76
+,2017-06-12,BBMG Corp,CNE1000010M4
-,2017-06-12,BlueFocus,CNE100000LV8
+,2017-06-12,BOSC,CNE100002FM5
+,2017-06-12,BUCHANG PHARMA,CNE100002FV6
-,2017-06-12,BYHEALTH,CNE100000Y84
+,2017-06-12,CCSC,CNE100002FF9
+,2017-06-12,Century Huatong,CNE1000015R2
-,2017-06-12,Changhong,CNE000000GJ4
+,2017-06-12,China Film,CNE100002GX0
-,2017-06-12,CIMC,CNE000000644
+,2017-06-12,CN Galaxy Secu,CNE100002FG7
+,2017-06-12,CNCEC,CNE100000KC0
-,2017-06-12,CS,CNE0000001Y0
+,2017-06-12,CVTE,CNE100002K47
-,2017-06-12,Dongfang Elec,CNE000000J28
-,2017-06-12,FAW Jiefang,CNE000000R85
+,2017-06-12,Giant Network,CNE1000010R3
-,2017-06-12,Golden Dragon,CNE000000PJ5
+,2017-06-12,GYB,CNE100002FX2
+,2017-06-12,HUAAN SECURITIES,CNE100002GR2
+,2017-06-12,HZBANK,CNE100002GQ4
-,2017-06-12,InfoGem,CNE100000QL8
-,2017-06-12,Jetsen,CNE1000010B7
-,2017-06-12,Jin Jiang Hotels,CNE000000MK0
-,2017-06-12,JUNEYAOAIR,CNE100001ZY0
+,2017-06-12,Linglong Tyre,CNE100002GM3
-,2017-06-12,Luxin Venture,CNE000000NW3
-,2017-06-12,MeiHua Group,CNE000000HP9
+,2017-06-12,MeinianOnehealth,CNE000001LV7
+,2017-06-12,NJXB,CNE000000CX4
-,2017-06-12,PD Group,CNE1000012K4
-,2017-06-12,People.cn,CNE100001FP0
-,2017-06-12,Phoenix Media,CNE1000019Q6
+,2017-06-12,Pientzehuang,CNE000001F21
+,2017-06-12,Robam,CNE100000WY9
+,2017-06-12,S F Holding,CNE100000L63
+,2017-06-12,Shenzhen Goodix,CNE100002G84
+,2017-06-12,Shougang,CNE000001196
-,2017-06-12,Sz Energy,CNE000000933
-,2017-06-12,SZAP,CNE0000008V1
-,2017-06-12,TDTEC,CNE000001B90
-,2017-06-12,THDB,CNE000000H87
+,2017-06-12,TRIANGLE TYRE,CNE100002GN1
-,2017-06-12,TZE,CNE1000000B8
-,2017-06-12,Ultrapower,CNE100000H51
-,2017-06-12,Wanfeng Auto,CNE000001PF1
-,2017-06-12,WGQ,CNE000000438
-,2017-06-12,Xinxing Pipes,CNE000000QG9
+,2017-06-12,YanAn Bicon,CNE100000PJ4
+,2017-06-12,YTO Express,CNE0000012J8
+,2017-06-12,Yuto Packaging,CNE100002H00
-,2017-06-12,Zhongheng Group,CNE0000015F9
+,2017-06-12,Zhongnan Cons,CNE0000011P7
+,2017-06-12,ZRCBANK,CNE100002K54
+,2017-06-12,ZTT,CNE000001CW4
-,2017-02-14,Wuhan Steel,CNE000000ZZ0
+,2017-02-14,XTC,CNE000001D15
-,2016-12-12,ANSTEEL,CNE000000SQ4
-,2016-12-12,BBMG Corp,CNE1000010M4
+,2016-12-12,Biocause Pharma,CNE000000F48
-,2016-12-12,CECWPC,CNE100001T15
-,2016-12-12,CFHI,CNE100000L48
-,2016-12-12,China XD,CNE100000KW8
+,2016-12-12,Chint Electrics,CNE100000KD8
+,2016-12-12,CHSR,CNE0000001C6
-,2016-12-12,CN Coal Energy,CNE100000957
-,2016-12-12,CNCEC,CNE100000KC0
+,2016-12-12,CNECC,CNE100002896
-,2016-12-12,CNResourceSanjiu,CNE0000011K8
-,2016-12-12,CNS,CNE100000W03
+,2016-12-12,Coking Coal Enr,CNE0000013Y5
-,2016-12-12,COSL,CNE100000759
+,2016-12-12,CS,CNE0000001Y0
+,2016-12-12,CSICPCL,CNE000001KB1
-,2016-12-12,Datang Power,CNE000001Q02
+,2016-12-12,DCITS,CNE000000FM0
+,2016-12-12,FCSC,CNE1000027G0
+,2016-12-12,FiberHome,CNE0000018P2
-,2016-12-12,GDG,CNE000000SB6
+,2016-12-12,GOTION,CNE000001NY7
+,2016-12-12,Grand Automotive,CNE000001576
+,2016-12-12,GUOXIN MICRO,CNE000001M14
+,2016-12-12,Haixin Energy-Te,CNE100000NP6
-,2016-12-12,HDPI,CNE000001LJ2
-,2016-12-12,Hepalink,CNE100000P02
-,2016-12-12,HLA GROUP,CNE0000016H3
-,2016-12-12,HNPI,CNE000001998
-,2016-12-12,Hubei Triring,CNE000000750
+,2016-12-12,Jetsen,CNE1000010B7
+,2016-12-12,Jin Jiang Hotels,CNE000000MK0
-,2016-12-12,Jingneng Power,CNE000001B82
-,2016-12-12,Jointown,CNE100000W45
-,2016-12-12,Kelun Pharm,CNE100000PW7
+,2016-12-12,Leo GROUP,CNE1000000F9
-,2016-12-12,Lepu Medical BJ,CNE100000H44
+,2016-12-12,Muyuan Foods,CNE100001RQ3
-,2016-12-12,NMHD,CNE000000GN6
-,2016-12-12,Oceanwide Hldg,CNE000000123
+,2016-12-12,Orient Landscape,CNE100000HN3
+,2016-12-12,RoyalFlush Info,CNE100000JG3
-,2016-12-12,Salubris,CNE100000FW8
+,2016-12-12,Seazen Holdg,CNE100002BF8
+,2016-12-12,Seres Grp,CNE1000028B9
-,2016-12-12,Shandong Steel,CNE000001JV1
-,2016-12-12,Shenergy,CNE0000005Q7
-,2016-12-12,STSS,CNE000000WM5
+,2016-12-12,Suning Universal,CNE0000007N0
+,2016-12-12,Sunner,CNE100000G78
+,2016-12-12,Tianqi Lithium,CNE100000T32
-,2016-12-12,Tsingtao Brewery,CNE0000009Y3
+,2016-12-12,UNIS,CNE0000010T1
+,2016-12-12,VictoryPrecision,CNE100000Q01
+,2016-12-12,Wanfeng Auto,CNE000001PF1
+,2016-12-12,Yango,CNE000000206
-,2016-12-12,Yanjing Brewery,CNE000000S84
-,2016-12-12,YKPLC,CNE0000019S4
+,2016-12-12,YOOZOO,CNE1000007K4
+,2016-06-13,Aurora Optoelect,CNE0000003S8
+,2016-06-13,Bairun Invstmnt,CNE1000011K6
+,2016-06-13,BGCTV,CNE0000016Y8
+,2016-06-13,BJ Cap Deve,CNE000001782
-,2016-06-13,Chongqing Water,CNE100000MT0
+,2016-06-13,CITIC Guoan,CNE000000TD0
-,2016-06-13,CN RARE EARTH,CNE000000WS2
+,2016-06-13,COFCO Sugar Hldg,CNE000000LH8
-,2016-06-13,Coking Coal Enr,CNE0000013Y5
+,2016-06-13,COMEC,CNE000000BP2
+,2016-06-13,Eternal Asia,CNE1000007Y5
+,2016-06-13,Focus Media Info,CNE000001KK2
-,2016-06-13,Foton,CNE000000WC6
-,2016-06-13,GAC Group,CNE100001NQ2
+,2016-06-13,GDG,CNE000000SB6
-,2016-06-13,GED,CNE0000006J0
-,2016-06-13,Glodon,CNE100000PH8
+,2016-06-13,Greenland Hldng,CNE000000388
+,2016-06-13,GRG Banking,CNE100000650
+,2016-06-13,GZBL,CNE100000PY3
-,2016-06-13,HAI TIAN,CNE100001SL2
-,2016-06-13,Hainan Mining,CNE100001VS1
+,2016-06-13,IEIT SYSTEMS,CNE0000012M2
+,2016-06-13,InfoGem,CNE100000QL8
+,2016-06-13,J-Yuan Trust,CNE0000003P4
-,2016-06-13,Jereh Group,CNE100000L55
-,2016-06-13,JZEG,CNE0000010H6
-,2016-06-13,Lu an EED,CNE000001NT7
-,2016-06-13,PGVT,CNE0000007H2
+,2016-06-13,Protrully,CNE000000RC6
-,2016-06-13,SDHS,CNE0000019Y2
+,2016-06-13,SDIC Capital,CNE000000Q11
+,2016-06-13,Shandong Steel,CNE000001JV1
-,2016-06-13,Shanghai Jahwa,CNE0000017K5
+,2016-06-13,Sinopec SSC,CNE000000HS3
-,2016-06-13,SL Pharm,CNE000001L31
+,2016-06-13,SZ Kingdom,CNE000001GF0
+,2016-06-13,TDTEC,CNE000001B90
-,2016-06-13,Tianjin Port,CNE000000L16
-,2016-06-13,USISH,CNE100001BZ8
-,2016-06-13,WFHT,CNE0000002G5
+,2016-06-13,Wonders Info,CNE100000ZD6
+,2016-06-13,Wuchan Zhongda,CNE000000KF4
-,2016-06-13,XJ Electric,CNE0000007F6
-,2016-06-13,XREC,CNE000000HN4
-,2016-06-13,XTC,CNE000001D15
-,2016-06-13,Yasha,CNE100000M70
-,2016-06-13,ZDDC,CNE0000007X9
-,2015-12-30,CMPD,CNE0000008B3
+,2015-12-30,CMSK,CNE100002FC6
-,2015-12-14,Beingmate,CNE1000011Y7
+,2015-12-14,Bohai Leasing,CNE0000009B1
-,2015-12-14,BRIGHT DAIRY,CNE000001C99
-,2015-12-14,CAMCE,CNE000001N13
+,2015-12-14,CECWPC,CNE100001T15
+,2015-12-14,CHIC,CNE100001SX7
-,2015-12-14,Chihong Zinc,CNE000001HC5
-,2015-12-14,CITIC Guoan,CNE000000TD0
+,2015-12-14,CMES,CNE000001PQ8
+,2015-12-14,CNNP,CNE1000022N7
+,2015-12-14,Dongxing Secs,CNE100002177
-,2015-12-14,Elion Energy,CNE0000013S7
-,2015-12-14,FangDa Carbon,CNE000001CC6
+,2015-12-14,GAC Group,CNE100001NQ2
+,2015-12-14,GTJA,CNE1000022F3
-,2015-12-14,Haisco,CNE100001BC7
-,2015-12-14,HDAA,CNE0000015N3
-,2015-12-14,HN China Leather,CNE100000KP2
-,2015-12-14,HYGF,CNE000001FP1
+,2015-12-14,Jihua Group,CNE100000SK6
-,2015-12-14,JiShi Media,CNE100001BY1
+,2015-12-14,JSCN,CNE1000022G1
+,2015-12-14,JUNEYAOAIR,CNE100001ZY0
-,2015-12-14,NHU,CNE000001J84
-,2015-12-14,Orient Landscape,CNE100000HN3
+,2015-12-14,Ourpalm,CNE100001DH2
+,2015-12-14,SDHS,CNE0000019Y2
+,2015-12-14,SH Elec Power,CNE000001G53
-,2015-12-14,Shanxi Fen Wine,CNE000000DH5
+,2015-12-14,Songcheng Prfrmn,CNE100000XG4
+,2015-12-14,STEC,CNE000000B83
+,2015-12-14,Stonehill Tech,CNE1000008K2
+,2015-12-14,Wanda Film,CNE100001WW1
-,2015-12-14,Western Mining,CNE100000619
-,2015-12-14,Yasheng Group,CNE000000SP6
-,2015-12-14,YCC,CNE000000W13
-,2015-12-14,Yunnan Tin,CNE0000011D3
-,2015-12-14,Zhongk Sanhuan,CNE000001261
+,2015-12-14,Zhongtian,CNE000000FL2
+,2015-12-14,ZJHTC,CNE000000JX9
-,2015-06-15,Aisidi,CNE100000PN6
-,2015-06-15,B-ray Media,CNE000000JB5
+,2015-06-15,CFHI,CNE100000L48
-,2015-06-15,Changyu,CNE000001568
+,2015-06-15,COSCO SHIP HOLD,CNE100000601
-,2015-06-15,CPT Tech Group,CNE0000002D2
+,2015-06-15,Datang Power,CNE000001Q02
+,2015-06-15,Eastmoney,CNE100000MD4
+,2015-06-15,EBSCN,CNE100000FD8
-,2015-06-15,FiberHome,CNE0000018P2
+,2015-06-15,GED,CNE0000006J0
-,2015-06-15,GIMC,CNE100000P10
+,2015-06-15,Golden Dragon,CNE000000PJ5
+,2015-06-15,Guosen,CNE100001WS9
+,2015-06-15,Hainan Mining,CNE100001VS1
-,2015-06-15,Hisun,CNE0000013Z2
-,2015-06-15,HPGC,CNE0000009T3
-,2015-06-15,HWHG,CNE000000QW6
-,2015-06-15,Jidong Cement,CNE000000GX5
-,2015-06-15,Kingfa,CNE000001JP3
+,2015-06-15,LETV,CNE100000SJ8
-,2015-06-15,MINLIST,CNE000000Q78
-,2015-06-15,MTC,CNE100000Q50
-,2015-06-15,Neway,CNE100001SJ6
+,2015-06-15,Oceanwide Hldg,CNE000000123
+,2015-06-15,Orient Secs,CNE100001ZV6
+,2015-06-15,PacificSecs,CNE1000008V9
-,2015-06-15,Pientzehuang,CNE000001F21
-,2015-06-15,PJRC,CNE0000017V2
+,2015-06-15,Spring Airlines,CNE100001V45
+,2015-06-15,Tianjin Port,CNE000000L16
+,2015-06-15,Ultrapower,CNE100000H51
+,2015-06-15,Wuhan Steel,CNE000000ZZ0
-,2015-06-15,YILING PHARMA,CNE1000015S0
+,2015-06-15,YKPLC,CNE0000019S4
-,2015-06-15,YYTM,CNE000000594
+,2015-05-21,AECC AEC,CNE000000RM5
-,2015-05-21,China CNR,CNE100000JN9
+,2015-05-21,Lepu Medical BJ,CNE100000H44
-,2015-05-21,SH Pearl,CNE0000003Q2
-,2015-01-26,Hongyuan Secs,CNE0000006K8
+,2015-01-26,Shenwan Hongyuan,CNE100002FD4
+,2014-12-15,Aiereye Hospital,CNE100000GR6
+,2014-12-15,ANSTEEL,CNE000000SQ4
+,2014-12-15,Avicopter,CNE0000015V6
-,2014-12-15,BJ Cap Deve,CNE000001782
+,2014-12-15,BlueFocus,CNE100000LV8
+,2014-12-15,BOW,CNE100000N95
+,2014-12-15,BYHEALTH,CNE100000Y84
-,2014-12-15,China NFC,CNE000000PK3
+,2014-12-15,Chinese Media,CNE0000019X4
-,2014-12-15,CR Double-Cran,CNE000000Q94
-,2014-12-15,CSG Hldg,CNE0000002R2
-,2014-12-15,Datang Power,CNE000001Q02
-,2014-12-15,Dayou Ener,CNE000001G12
+,2014-12-15,Enlight Media,CNE100001617
-,2014-12-15,GAC Group,CNE100001NQ2
+,2014-12-15,HAI TIAN,CNE100001SL2
+,2014-12-15,HBMC,CNE100000GD6
+,2014-12-15,HLA GROUP,CNE0000016H3
+,2014-12-15,Huace Film & TV,CNE100000VX3
+,2014-12-15,Hundsun,CNE000001GD5
+,2014-12-15,Inovance,CNE100000V46
+,2014-12-15,Jingneng Power,CNE000001B82
-,2014-12-15,Jinke Property,CNE000000073
-,2014-12-15,Metersbonwe,CNE100000CQ7
-,2014-12-15,NS Aluminium,CNE000001139
-,2014-12-15,PingdingshanCoal,CNE000001PH7
-,2014-12-15,RisingNonferrous,CNE0000012R1
-,2014-12-15,SCIE,CNE000001FH8
+,2014-12-15,ShanghaiElectric,CNE100000D55
-,2014-12-15,Shenzhen Gas,CNE100000JM1
+,2014-12-15,Shiji Info,CNE100000668
+,2014-12-15,SIASUN,CNE100000GH7
-,2014-12-15,SLC,CNE000001Q85
-,2014-12-15,SLSVC,CNE000000XZ5
+,2014-12-15,STSS,CNE000000WM5
-,2014-12-15,Suning Universal,CNE0000007N0
+,2014-12-15,Wangsu,CNE100000GQ8
+,2014-12-15,WXQC,CNE000000FB3
-,2014-12-15,XINJI ENERGY,CNE1000008D7
+,2014-12-15,Xinwei Group,CNE000001FK2
-,2014-12-15,YYTH,CNE000000S01
-,2014-12-15,Zhongnan Cons,CNE0000011P7
-,2014-12-15,ZJHTC,CNE000000JX9
-,2014-12-15,ZMC,CNE0000010J2
+,2014-06-16,Aisidi,CNE100000PN6
+,2014-06-16,Alpha Group,CNE100000FT4
+,2014-06-16,B-ray Media,CNE000000JB5
-,2014-06-16,BUCID,CNE000000Y52
-,2014-06-16,CFHI,CNE100000L48
+,2014-06-16,China XD,CNE100000KW8
+,2014-06-16,CN Rfrm Hlth,CNE000000255
-,2014-06-16,CRHIC,CNE0000017Z3
-,2014-06-16,Dashang,CNE000000DW4
+,2014-06-16,Elion Energy,CNE0000013S7
+,2014-06-16,GIMC,CNE100000P10
+,2014-06-16,Glodon,CNE100000PH8
-,2014-06-16,GU JING,CNE000000MD5
-,2014-06-16,HACL,CNE0000019Z9
+,2014-06-16,Haige Commns,CNE100000T24
+,2014-06-16,Han's Laser Tech,CNE000001JQ1
-,2014-06-16,Haohua Energy,CNE100000N12
+,2014-06-16,Hubei Triring,CNE000000750
-,2014-06-16,HunanGold,CNE1000006B5
-,2014-06-16,HYMD,CNE000001KT3
-,2014-06-16,HYPC,CNE0000001J1
+,2014-06-16,JiShi Media,CNE100001BY1
-,2014-06-16,JN Shanxi Coal,CNE000001MZ6
+,2014-06-16,Jointown,CNE100000W45
+,2014-06-16,Junzheng,CNE1000010F8
+,2014-06-16,KINGENTA,CNE100000TC1
-,2014-06-16,KL Energy Chem,CNE000001HX1
-,2014-06-16,Liugong,CNE000000DB8
+,2014-06-16,LUXSHARE-ICT,CNE100000TP3
+,2014-06-16,MTC,CNE100000Q50
+,2014-06-16,Neway,CNE100001SJ6
-,2014-06-16,Oceanwide Hldg,CNE000000123
-,2014-06-16,OGI,CNE000000FX7
-,2014-06-16,PacificSecs,CNE1000008V9
-,2014-06-16,Palm Eco Town,CNE100000Q76
-,2014-06-16,ShaanGu,CNE100000QS3
+,2014-06-16,Shanghai RAAS,CNE100000C31
-,2014-06-16,Shen Huo,CNE000001097
-,2014-06-16,Sinoma-int,CNE000001LS3
-,2014-06-16,Sunner,CNE100000G78
+,2014-06-16,SX Coal Industry,CNE100001T64
+,2014-06-16,Sz Energy,CNE000000933
-,2014-06-16,TDTEC,CNE000001B90
+,2014-06-16,THDB,CNE000000H87
+,2014-06-16,TIK,CNE000000YB4
+,2014-06-16,Tunghsu Optoelec,CNE000000578
-,2014-06-16,Wangfujing,CNE000000GQ9
+,2014-06-16,ZDDC,CNE0000007X9
-,2014-06-16,ZJJH,CNE000000WQ6
-,2014-06-16,ZMJ,CNE100000S58
-,2014-06-16,Zoneco,CNE000001NR1
+,2014-06-16,ZZEPC,CNE100001SP3
-,2013-12-16,AT&M,CNE0000012X9
+,2013-12-16,AVIC IF,CNE000000KC1
+,2013-12-16,BRIGHT DAIRY,CNE000001C99
+,2013-12-16,CapitalECO-ProGr,CNE000001295
-,2013-12-16,ChongqingBrewery,CNE000000TL3
+,2013-12-16,CN RARE EARTH,CNE000000WS2
+,2013-12-16,CPT Tech Group,CNE0000002D2
-,2013-12-16,CRT,CNE000000VW6
+,2013-12-16,DHCC,CNE000001NL4
-,2013-12-16,EBSCN,CNE100000FD8
-,2013-12-16,GED,CNE0000006J0
+,2013-12-16,Haisco,CNE100001BC7
-,2013-12-16,HBYH,CNE0000009C9
-,2013-12-16,Huajin Chmcl Ind,CNE000000NY9
+,2013-12-16,Huawen,CNE0000002L5
-,2013-12-16,Hubei Triring,CNE000000750
+,2013-12-16,HWHG,CNE000000QW6
+,2013-12-16,IFLYTEK,CNE100000B81
-,2013-12-16,IMDTECL,CNE100000098
-,2013-12-16,Jien Nickel,CNE000001FV9
+,2013-12-16,LJZ,CNE0000009S5
+,2013-12-16,OFILM,CNE100000S33
+,2013-12-16,People.cn,CNE100001FP0
-,2013-12-16,PZER,CNE000000859
-,2013-12-16,SCSF,CNE000000NH4
-,2013-12-16,Shanghai Energy,CNE000001915
+,2013-12-16,SIPG,CNE0000013N8
+,2013-12-16,SPC,CNE000000BB2
-,2013-12-16,Sz Energy,CNE000000933
-,2013-12-16,Taiyuan Heavy,CNE000000X12
-,2013-12-16,Tianwei,CNE000001758
+,2013-12-16,TUS-EST,CNE000000BX6
+,2013-12-16,TZE,CNE1000000B8
+,2013-12-16,USISH,CNE100001BZ8
+,2013-12-16,WGQ,CNE000000438
-,2013-12-16,Wuhan Steel,CNE000000ZZ0
+,2013-12-16,XJ Electric,CNE0000007F6
+,2013-12-16,XREC,CNE000000HN4
-,2013-12-16,YTG,CNE000000JC3
-,2013-12-16,Yunnan Alumin,CNE000000VG9
-,2013-12-16,ZTHX,CNE000001PP0
-,2013-12-16,ZY Tungsten,CNE100000MX2
+,2013-09-23,Midea Group,CNE100001QQ5
-,2013-09-18,GD Midea,CNE0000003N9
-,2013-07-01,ANSTEEL,CNE000000SQ4
-,2013-07-01,Baoji Titanium,CNE000001B41
-,2013-07-01,BGCTV,CNE0000016Y8
-,2013-07-01,Blue Flame Hldg,CNE0000012V3
+,2013-07-01,CAMCE,CNE000001N13
-,2013-07-01,China XD,CNE100000KW8
+,2013-07-01,CMOC Group,CNE100001NR0
+,2013-07-01,Datang Power,CNE000001Q02
+,2013-07-01,Dayou Ener,CNE000001G12
+,2013-07-01,GED,CNE0000006J0
+,2013-07-01,GYBYS,CNE000001733
+,2013-07-01,Hisense Visual,CNE000000PF3
-,2013-07-01,Hongda,CNE0000019F1
+,2013-07-01,Huadong Med,CNE0000011S1
-,2013-07-01,HuiZhou ITG,CNE100000031
+,2013-07-01,Jinke Property,CNE000000073
-,2013-07-01,JSZY,CNE000000N97
-,2013-07-01,Junzheng,CNE1000010F8
+,2013-07-01,KDX,CNE100000RN2
-,2013-07-01,MESNAC,CNE000001NX9
+,2013-07-01,Metersbonwe,CNE100000CQ7
-,2013-07-01,NavInfo,CNE100000P69
+,2013-07-01,Pientzehuang,CNE000001F21
+,2013-07-01,Salubris,CNE100000FW8
-,2013-07-01,Shandong Steel,CNE000001JV1
+,2013-07-01,Shenzhen Gas,CNE100000JM1
-,2013-07-01,Sinovel Wind Gro,CNE100000YW9
-,2013-07-01,STSS,CNE000000WM5
+,2013-07-01,Sz Energy,CNE000000933
-,2013-07-01,TKGF,CNE1000012X7
+,2013-07-01,Wasu Media,CNE0000014L0
-,2013-07-01,WXQC,CNE000000FB3
+,2013-01-04,CCCC,CNE100001FN5
+,2013-01-04,CFLD,CNE000001GG8
-,2013-01-04,COSCO SHIP HOLD,CNE100000601
+,2013-01-04,Dahua Tech,CNE100000BJ4
-,2013-01-04,Datang Power,CNE000001Q02
+,2013-01-04,GAC Group,CNE100001NQ2
+,2013-01-04,GU JING,CNE000000MD5
+,2013-01-04,HDPI,CNE000001LJ2
+,2013-01-04,Hubei Triring,CNE000000750
-,2013-01-04,JAC,CNE0000018M9
-,2013-01-04,Jihua Group,CNE100000SK6
-,2013-01-04,Joeone,CNE1000013C9
-,2013-01-04,JSHX,CNE000001600
-,2013-01-04,Kaifa,CNE000000FK4
-,2013-01-04,NCPC,CNE000000D16
+,2013-01-04,OPG,CNE0000004Z1
-,2013-01-04,RSPC,CNE100000W60
+,2013-01-04,SDIC Power,CNE000000JM2
+,2013-01-04,SEALAND SEC,CNE0000008K4
-,2013-01-04,SHANTUI,CNE000000KZ2
-,2013-01-04,Sinochem Intl,CNE0000011R3
-,2013-01-04,Sinomach Heavy,CNE100000L30
-,2013-01-04,Sytech,CNE000000XL5
+,2013-01-04,TDTEC,CNE000001B90
+,2013-01-04,Western Sec,CNE100001D96
+,2013-01-04,WTECL,CNE000000WD4
+,2013-01-04,Yasha,CNE100000M70
-,2013-01-04,Zhongfu Indl,CNE000001BQ8
+,2013-01-04,Zhongk Sanhuan,CNE000001261
-,2013-01-04,ZPMC,CNE000001683
-,2012-07-02,Aerospace Elec,CNE000000J93
+,2012-07-02,Beingmate,CNE1000011Y7
-,2012-07-02,Binjiang Group,CNE100000BS5
+,2012-07-02,BOE,CNE0000016L5
-,2012-07-02,CapitalECO-ProGr,CNE000001295
-,2012-07-02,COFCO Sugar Hldg,CNE000000LH8
-,2012-07-02,COSCO Energy,CNE000001BD6
-,2012-07-02,COSCO Shipping,CNE000001B58
-,2012-07-02,DZH,CNE100000ZL9
-,2012-07-02,DZUG,CNE0000007Y7
+,2012-07-02,Founder Secs,CNE1000015Y8
-,2012-07-02,GDG,CNE000000SB6
+,2012-07-02,Goertek,CNE100000BP1
+,2012-07-02,Gold Mantis,CNE000001P86
+,2012-07-02,Great Wall Motor,CNE1000018V8
-,2012-07-02,hlgf,CNE100000WG6
+,2012-07-02,HNPI,CNE000001998
-,2012-07-02,HT-SAAE,CNE000000W96
+,2012-07-02,HYPC,CNE0000001J1
+,2012-07-02,Jereh Group,CNE100000L55
-,2012-07-02,Joincare,CNE000001816
-,2012-07-02,MAS C.L.,CNE000000DD4
+,2012-07-02,New China Life,CNE1000019Y0
+,2012-07-02,Oceanwide Hldg,CNE000000123
+,2012-07-02,Phoenix Media,CNE1000019Q6
+,2012-07-02,POWERCHINA Ltd,CNE1000017G1
+,2012-07-02,SCS,CNE1000019P8
+,2012-07-02,Shandong Steel,CNE000001JV1
+,2012-07-02,Shanghai Bailian,CNE000000CB0
+,2012-07-02,Shanghai Jahwa,CNE0000017K5
-,2012-07-02,ShanghaiElectric,CNE100000D55
-,2012-07-02,Shuangliang Eco,CNE000001DW2
-,2012-07-02,Sz Energy,CNE000000933
-,2012-07-02,TDTEC,CNE000001B90
-,2012-07-02,Tiantan Bio,CNE000000WF9
+,2012-01-04,AVIC AVIONICS,CNE0000018C0
-,2012-01-04,Baolihua,CNE000000P12
+,2012-01-04,BBMG Corp,CNE1000010M4
-,2012-01-04,BOE,CNE0000016L5
+,2012-01-04,BYD,CNE100001526
-,2012-01-04,CECL,CNE000000B42
-,2012-01-04,China Rlwy Mtrls,CNE000000ZV9
-,2012-01-04,CPT Tech Group,CNE0000002D2
+,2012-01-04,Datang Power,CNE000001Q02
+,2012-01-04,FiberHome,CNE0000018P2
-,2012-01-04,GanyueExpressway,CNE0000012D1
-,2012-01-04,GBIAC,CNE000001DX0
+,2012-01-04,GDG,CNE000000SB6
-,2012-01-04,GRANDJOY,CNE000000BJ5
+,2012-01-04,HN China Leather,CNE100000KP2
-,2012-01-04,HPEC,CNE000001774
-,2012-01-04,Jointown,CNE100000W45
-,2012-01-04,JSSS,CNE0000010V7
+,2012-01-04,JSZY,CNE000000N97
+,2012-01-04,Junzheng,CNE1000010F8
+,2012-01-04,Luxin Venture,CNE000000NW3
+,2012-01-04,MeiHua Group,CNE000000HP9
+,2012-01-04,PacificSecs,CNE1000008V9
+,2012-01-04,Palm Eco Town,CNE100000Q76
+,2012-01-04,PD Group,CNE1000012K4
+,2012-01-04,PGVT,CNE0000007H2
+,2012-01-04,RisingNonferrous,CNE0000012R1
-,2012-01-04,Salubris,CNE100000FW8
-,2012-01-04,Shanghai Bailian,CNE000000CB0
-,2012-01-04,Shanghai Shimao,CNE000000CH7
-,2012-01-04,Sichuan Express,CNE100000F38
-,2012-01-04,Sieyuan,CNE000001KM8
-,2012-01-04,Sinotruk Jinan,CNE0000010Y1
-,2012-01-04,SIPG,CNE0000013N8
+,2012-01-04,SL Pharm,CNE000001L31
+,2012-01-04,Sunner,CNE100000G78
-,2012-01-04,Tianjin Port,CNE000000L16
+,2012-01-04,TKGF,CNE1000012X7
-,2012-01-04,VVFB,CNE000001378
-,2012-01-04,Wanfang Alum,CNE000000826
+,2012-01-04,WFHT,CNE0000002G5
+,2012-01-04,YILING PHARMA,CNE1000015S0
-,2012-01-04,Yingda,CNE000001G20
-,2012-01-04,YMRD,CNE0000010X3
+,2012-01-04,Zhongheng Group,CNE0000015F9
+,2012-01-04,ZJJH,CNE000000WQ6
-,2012-01-04,ZPUG,CNE0000006B7
+,2012-01-04,ZY Tungsten,CNE100000MX2
+,2011-08-24,Shanghai Bailian,CNE000000CB0
-,2011-08-23,SH Bailian Grp,CNE0000007B5
-,2011-07-01,BRIGHT DAIRY,CNE000001C99
+,2011-07-01,Changyu,CNE000001568
-,2011-07-01,Chint Electrics,CNE100000KD8
-,2011-07-01,Cinda RE,CNE000000966
+,2011-07-01,CNS,CNE100000W03
-,2011-07-01,DFAC,CNE000000ZT3
+,2011-07-01,DZH,CNE100000ZL9
-,2011-07-01,DZT,CNE000000511
-,2011-07-01,FOUNDERTECH,CNE0000001S2
-,2011-07-01,FujianExpressway,CNE000001717
+,2011-07-01,Hainan Rubber,CNE100000YM0
+,2011-07-01,Hisun,CNE0000013Z2
+,2011-07-01,hlgf,CNE100000WG6
-,2011-07-01,Huafa Properties,CNE000001GR5
+,2011-07-01,HYMD,CNE000001KT3
+,2011-07-01,Industrial Sec,CNE100000V95
+,2011-07-01,Jointown,CNE100000W45
-,2011-07-01,Joyoung,CNE100000BQ9
-,2011-07-01,LJZ,CNE0000009S5
+,2011-07-01,MESNAC,CNE000001NX9
-,2011-07-01,Myhome,CNE0000001B8
-,2011-07-01,NJ Tanker,CNE000000QC8
+,2011-07-01,NZP,CNE100000V12
-,2011-07-01,Oceanwide Hldg,CNE000000123
+,2011-07-01,Orient Landscape,CNE100000HN3
-,2011-07-01,PacificSecs,CNE1000008V9
-,2011-07-01,Rizhao Port,CNE000001P03
-,2011-07-01,SDHS,CNE0000019Y2
-,2011-07-01,SH Indl Dev,CNE000000MF0
+,2011-07-01,Shanxi Securitie,CNE100000WJ0
-,2011-07-01,Shenzhen Gas,CNE100000JM1
-,2011-07-01,Shougang,CNE000001196
+,2011-07-01,Sinovel Wind Gro,CNE100000YW9
+,2011-07-01,SLC,CNE000001Q85
-,2011-07-01,TEDA,CNE0000005D5
+,2011-07-01,Wangfujing,CNE000000GQ9
+,2011-07-01,WXQC,CNE000000FB3
-,2011-07-01,XACIG,CNE000001907
-,2011-07-01,Xiandai Invt,CNE000000925
+,2011-07-01,YH Superstores,CNE100000XX9
-,2011-07-01,ZJQY,CNE000001055
+,2011-07-01,ZMJ,CNE100000S58
+,2011-07-01,Zoneco,CNE000001NR1
+,2011-01-04,AECC AviationPwr,CNE000000JW1
-,2011-01-04,AJ GROUP,CNE0000008S7
-,2011-01-04,AYIS,CNE0000018Y4
-,2011-01-04,BJ North Star,CNE000001NZ4
+,2011-01-04,CEB BANK,CNE100000SL4
+,2011-01-04,CFHI,CNE100000L48
+,2011-01-04,China Estrn Arln,CNE000000TR0
+,2011-01-04,Chongqing Water,CNE100000MT0
-,2011-01-04,CMES,CNE000001PQ8
-,2011-01-04,Datang Power,CNE000001Q02
+,2011-01-04,DBN Group,CNE100000N61
-,2011-01-04,GD ZN Iron,CNE000000PW8
+,2011-01-04,GF SEC,CNE0000008L2
-,2011-01-04,GGEP,CNE0000011Y9
+,2011-01-04,Haohua Energy,CNE100000N12
-,2011-01-04,HDPI,CNE000001LJ2
+,2011-01-04,Hepalink,CNE100000P02
+,2011-01-04,HIKVISION,CNE100000PM8
-,2011-01-04,HNPI,CNE000001998
-,2011-01-04,HUALU-HENGSHENG,CNE000001BM7
+,2011-01-04,Jiangsu Hengrui,CNE0000014W7
-,2011-01-04,Jinbin,CNE000000Y60
+,2011-01-04,Kelun Pharm,CNE100000PW7
-,2011-01-04,Laiwu Steel,CNE000000SX0
-,2011-01-04,Liusteel,CNE000001R68
-,2011-01-04,NanJing Steel,CNE0000014Q9
+,2011-01-04,NARI-TECH,CNE000001G38
+,2011-01-04,NavInfo,CNE100000P69
+,2011-01-04,NM Yili,CNE000000JP5
+,2011-01-04,RiseSun,CNE1000005Y9
+,2011-01-04,Sanan Optoelec,CNE000000KB3
+,2011-01-04,SCIE,CNE000001FH8
-,2011-01-04,SCPH,CNE0000015H5
-,2011-01-04,SDIC Power,CNE000000JM2
-,2011-01-04,SH MEI,CNE000000B91
+,2011-01-04,ShaanGu,CNE100000QS3
-,2011-01-04,Shandong Steel,CNE000001JV1
-,2011-01-04,Shunfa Hengneng,CNE000000990
-,2011-01-04,SPC,CNE000000BB2
-,2011-01-04,STEC,CNE000000B83
-,2011-01-04,SZ Airport,CNE000000VK1
+,2011-01-04,Tasly,CNE000001C81
-,2011-01-04,Valin Steel,CNE000001006
-,2011-01-04,VantoneNeoDevGrp,CNE0000014S5
-,2011-01-04,Xinhua Media,CNE100000KB2
-,2011-01-04,XINJIANG GUANNON,CNE000001F13
+,2011-01-04,ZTHX,CNE000001PP0
+,2010-12-22,BOE,CNE0000016L5
+,2010-12-22,China CNR,CNE100000JN9
-,2010-12-22,China Jushi,CNE000000YM1
+,2010-12-22,China XD,CNE100000KW8
+,2010-12-22,Chint Electrics,CNE100000KD8
+,2010-12-22,CN MERCHANT,CNE100000HK9
+,2010-12-22,CNCEC,CNE100000KC0
-,2010-12-22,CSI,CNE000000VF1
+,2010-12-22,CSICL,CNE100000J75
+,2010-12-22,CTG DUTY-FREE,CNE100000G29
-,2010-12-22,EasternShenghong,CNE0000012K6
+,2010-12-22,EBSCN,CNE100000FD8
-,2010-12-22,Guilin Sanjin,CNE100000DY9
+,2010-12-22,HTSC,CNE100000LQ8
-,2010-12-22,Huawen,CNE0000002L5
-,2010-12-22,J-Yuan Trust,CNE0000003P4
-,2010-12-22,Jiangsu Hengrui,CNE0000014W7
-,2010-12-22,NHPRECL,CNE0000005M6
+,2010-12-22,NMHD,CNE000000GN6
-,2010-12-22,SDHH,CNE000000WH5
-,2010-12-22,SH Golden Bridge,CNE000000404
+,2010-12-22,Shanghai Pharma,CNE000000C82
-,2010-12-22,Sinoair,CNE0000015Z7
-,2010-12-22,TCEPC,CNE000000HX3
-,2010-12-22,TDTEC,CNE000001B90
-,2010-12-22,TIK,CNE000000YB4
-,2010-12-22,Wangfujing,CNE000000GQ9
-,2010-12-22,WGQ,CNE000000438
-,2010-12-22,WXQC,CNE000000FB3
-,2010-12-22,Xinsteel,CNE000000NP7
+,2010-12-22,YHGF,CNE100000HB8
+,2010-12-22,Zhongnan Cons,CNE0000011P7
+,2010-07-29,Agbank China,CNE100000RJ0
-,2010-07-29,COMEC,CNE000000BP2
-,2010-01-04,Bluestar Adisseo,CNE000001253
-,2010-01-04,BOE,CNE0000016L5
+,2010-01-04,Cinda RE,CNE000000966
-,2010-01-04,CISC,CNE000001R76
+,2010-01-04,CR Double-Cran,CNE000000Q94
+,2010-01-04,CSCEC,CNE100000F46
-,2010-01-04,Fingu,CNE1000008H8
+,2010-01-04,Foton,CNE000000WC6
+,2010-01-04,HPEC,CNE000001774
+,2010-01-04,Hualan Bio,CNE000001JN8
-,2010-01-04,Jinfeng Wine,CNE0000005G8
-,2010-01-04,JSZY,CNE000000N97
-,2010-01-04,Liaoning Shenhua,CNE0000001X2
-,2010-01-04,LTH,CNE000000Z02
+,2010-01-04,Metallurgical CN,CNE100000FX6
-,2010-01-04,Metersbonwe,CNE100000CQ7
-,2010-01-04,Nuode,CNE000000TB4
+,2010-01-04,PacificSecs,CNE1000008V9
-,2010-01-04,PGVT,CNE0000007H2
+,2010-01-04,PZER,CNE000000859
-,2010-01-04,SDHT,CNE0000014Y3
+,2010-01-04,Shunfa Hengneng,CNE000000990
+,2010-01-04,Sichuan Express,CNE100000F38
-,2010-01-04,SL Pharm,CNE000001L31
+,2010-01-04,SWSC,CNE0000016P6
-,2010-01-04,SZEW,CNE0000019G9
+,2010-01-04,Tiantan Bio,CNE000000WF9
+,2010-01-04,VantoneNeoDevGrp,CNE0000014S5
-,2010-01-04,Wenergy,CNE000000DF9
-,2010-01-04,XSS,CNE000000TF5
+,2010-01-04,YMRD,CNE0000010X3
-,2009-12-29,Chengde Xinxin,CNE000001CF9
-,2009-12-29,Handan Steel,CNE000000V55
-,2009-07-01,AHHL,CNE000000MM6
+,2009-07-01,Binjiang Group,CNE100000BS5
-,2009-07-01,China Estrn Arln,CNE000000TR0
+,2009-07-01,China Jushi,CNE000000YM1
-,2009-07-01,CN Rfrm Hlth,CNE000000255
+,2009-07-01,CNResourceSanjiu,CNE0000011K8
-,2009-07-01,CR Double-Cran,CNE000000Q94
+,2009-07-01,CRRC,CNE100000CP9
-,2009-07-01,CWTC,CNE000000YH1
+,2009-07-01,FangDa Carbon,CNE000001CC6
-,2009-07-01,GDG,CNE000000SB6
-,2009-07-01,GED,CNE0000006J0
-,2009-07-01,GRG Banking,CNE100000650
+,2009-07-01,HuiZhou ITG,CNE100000031
-,2009-07-01,Hunan Pros Harmo,CNE000000MC7
-,2009-07-01,Jinkong Power,CNE000000776
+,2009-07-01,Joyoung,CNE100000BQ9
+,2009-07-01,KMYY,CNE0000017M1
-,2009-07-01,Liusteel,CNE000001R68
+,2009-07-01,Neusoft,CNE000000KJ6
-,2009-07-01,NM Yili,CNE000000JP5
-,2009-07-01,NMHD,CNE000000GN6
+,2009-07-01,PJRC,CNE0000017V2
-,2009-07-01,RiseSun,CNE1000005Y9
-,2009-07-01,SH Airlines,CNE000001CQ6
-,2009-07-01,SH Elec Power,CNE000001G53
+,2009-07-01,ShanghaiElectric,CNE100000D55
-,2009-07-01,Shanxi Hi speed,CNE000000S43
+,2009-07-01,Sieyuan,CNE000001KM8
+,2009-07-01,Sinoma-int,CNE000001LS3
+,2009-07-01,SL Pharm,CNE000001L31
-,2009-07-01,Sunward,CNE000001PW6
+,2009-07-01,Taiyuan Heavy,CNE000000X12
+,2009-07-01,TDTEC,CNE000001B90
-,2009-07-01,Telling Holding,CNE000000TM1
-,2009-07-01,Top Energy,CNE000000NK8
+,2009-07-01,Xinsteel,CNE000000NP7
-,2009-07-01,Yihua Life,CNE000001KX5
-,2009-07-01,YPH,CNE000000SF7
-,2009-07-01,Zhongyuan Exp,CNE000001FL0
-,2009-07-01,Zhuzhou Smelter,CNE000001KZ0
+,2009-07-01,ZJ Longsheng,CNE000001FJ4
+,2009-07-01,ZMC,CNE0000010J2
+,2009-07-01,ZPUG,CNE0000006B7
-,2009-01-05,Anhui Expwy,CNE000001DC4
+,2009-01-05,Baolihua,CNE000000P12
+,2009-01-05,Blue Flame Hldg,CNE0000012V3
+,2009-01-05,BOE,CNE0000016L5
-,2009-01-05,BSP,CNE000000TX8
-,2009-01-05,CMST,CNE000000NS1
+,2009-01-05,CN Railway Const,CNE1000009T1
+,2009-01-05,COFCO Sugar Hldg,CNE000000LH8
-,2009-01-05,DGKG,CNE000000R02
-,2009-01-05,Fenghua,CNE000000GH8
-,2009-01-05,FS Elcl & Ltg,CNE000000DN3
+,2009-01-05,GRG Banking,CNE100000650
-,2009-01-05,HAIMA AUTO,CNE0000006L6
+,2009-01-05,HPGC,CNE0000009T3
+,2009-01-05,HUALU-HENGSHENG,CNE000001BM7
-,2009-01-05,Huludao Zinc,CNE0000004X6
-,2009-01-05,HX Group,CNE000000CF1
-,2009-01-05,Insigma,CNE000000PH9
+,2009-01-05,JDC,CNE1000009Y1
-,2009-01-05,Jiangsu Exwy,CNE0000016S0
+,2009-01-05,Jilin Aodong,CNE000000719
-,2009-01-05,Neusoft,CNE000000KJ6
+,2009-01-05,NHU,CNE000001J84
+,2009-01-05,SCTE,CNE000000BQ0
-,2009-01-05,Shenyang Mach,CNE0000008W9
-,2009-01-05,SNW,CNE0000006X1
-,2009-01-05,Taiyuan Heavy,CNE000000X12
-,2009-01-05,Tasly,CNE000001C81
+,2009-01-05,TCL TECH,CNE000001GL8
-,2009-01-05,UDC,CNE000000G13
-,2009-01-05,WFHT,CNE0000002G5
+,2009-01-05,XINJIANG GUANNON,CNE000001F13
+,2009-01-05,yonyou,CNE0000017Y6
+,2009-01-05,Zijin Mining,CNE100000B24
-,2008-07-01,Aerosun,CNE000001857
+,2008-07-01,BJ Cap Deve,CNE000001782
-,2008-07-01,BNBMPLC,CNE000000QS4
+,2008-07-01,CCB,CNE100000742
+,2008-07-01,Changjiang Secs,CNE000000SH3
+,2008-07-01,China Railway,CNE100000866
-,2008-07-01,Chutian Smart,CNE000001GW5
-,2008-07-01,CITIC Steel,CNE0000008J6
+,2008-07-01,CN Coal Energy,CNE100000957
+,2008-07-01,COSCO Dev,CNE1000008F2
+,2008-07-01,CPIC,CNE1000008M8
-,2008-07-01,CTV Media,CNE000000QY2
-,2008-07-01,Dongfang Elect,CNE0000006P7
+,2008-07-01,DR.PENG,CNE000000FW9
-,2008-07-01,GD Meiyan Hydro,CNE000000HB9
+,2008-07-01,Goldwind Science,CNE1000008S5
+,2008-07-01,Guoyuan Secs,CNE000000QZ9
-,2008-07-01,HuiZhou ITG,CNE100000031
+,2008-07-01,HunanGold,CNE1000006B5
-,2008-07-01,Jiangling Motors,CNE000000CV8
-,2008-07-01,Jin Jiang Hotels,CNE000000MK0
-,2008-07-01,JZP,CNE000000Z85
+,2008-07-01,Myhome,CNE0000001B8
+,2008-07-01,Northeast Secs,CNE0000004H9
-,2008-07-01,Sangang Mingung,CNE000001QF9
-,2008-07-01,Shanghai Pharma,CNE000000C82
+,2008-07-01,Shanxi Hi speed,CNE000000S43
-,2008-07-01,SHForeignService,CNE0000002W2
+,2008-07-01,Sunward,CNE000001PW6
-,2008-07-01,SZ SPG,CNE0000009X5
-,2008-07-01,Tiantan Bio,CNE000000WF9
+,2008-07-01,Wangfujing,CNE000000GQ9
+,2008-07-01,XINJI ENERGY,CNE1000008D7
-,2008-07-01,XJ Electric,CNE0000007F6
-,2008-07-01,Zhongk Sanhuan,CNE000001261
-,2008-03-18,Dongfang Boil,CNE000000NX1
+,2008-03-18,EasternShenghong,CNE0000012K6
+,2008-01-02,Bank of Ningbo,CNE1000005P7
-,2008-01-02,Baolihua,CNE000000P12
-,2008-01-02,Bluestar Adisseo,CNE000001253
+,2008-01-02,BOB,CNE100000734
+,2008-01-02,BSP,CNE000000TX8
-,2008-01-02,CAMCE,CNE000001N13
-,2008-01-02,CGT Group,CNE000000RL7
+,2008-01-02,China Estrn Arln,CNE000000TR0
+,2008-01-02,CISC,CNE000001R76
-,2008-01-02,CNPCCCL,CNE000000MS3
+,2008-01-02,CNRE,CNE000000T18
-,2008-01-02,COFCO Biotech,CNE000000ZR7
+,2008-01-02,COSCO SHIP HOLD,CNE100000601
+,2008-01-02,COSL,CNE100000759
-,2008-01-02,CR Double-Cran,CNE000000Q94
+,2008-01-02,CSI,CNE000000VF1
-,2008-01-02,CXPC,CNE000000R51
+,2008-01-02,DEEJ,CNE0000006Y9
+,2008-01-02,DZT,CNE000000511
-,2008-01-02,FiberHome,CNE0000018P2
+,2008-01-02,HAIMA AUTO,CNE0000006L6
-,2008-01-02,Han's Laser Tech,CNE000001JQ1
-,2008-01-02,Hisense Visual,CNE000000PF3
-,2008-01-02,HPEC,CNE000001774
+,2008-01-02,Huafa Properties,CNE000001GR5
-,2008-01-02,Huahai Pharm,CNE000001DL5
-,2008-01-02,Huakong Seg,CNE000000QV8
+,2008-01-02,HuiZhou ITG,CNE100000031
+,2008-01-02,IMDTECL,CNE100000098
-,2008-01-02,Innovation Mater,CNE000001980
+,2008-01-02,Jiangsu Exwy,CNE0000016S0
-,2008-01-02,Jilin Aodong,CNE000000719
+,2008-01-02,Liusteel,CNE000001R68
-,2008-01-02,NE Expressway,CNE000000ZY3
-,2008-01-02,Newland DT,CNE0000014B1
+,2008-01-02,NHPRECL,CNE0000005M6
+,2008-01-02,NJBK,CNE100000627
-,2008-01-02,OTIC,CNE0000011N2
-,2008-01-02,Shanghai Belling,CNE000000XB6
+,2008-01-02,Shuanghui,CNE000000XM3
-,2008-01-02,Silan,CNE000001DN1
+,2008-01-02,Sinolink Secs,CNE000000SV4
+,2008-01-02,Sinotruk Jinan,CNE0000010Y1
-,2008-01-02,SLC,CNE000001Q85
-,2008-01-02,Sun Paper,CNE000001P52
+,2008-01-02,Suning Universal,CNE0000007N0
-,2008-01-02,Sunvim,CNE000001PC8
-,2008-01-02,Sunward,CNE000001PW6
+,2008-01-02,SZEW,CNE0000019G9
+,2008-01-02,TBEA,CNE000000RB8
-,2008-01-02,Teamsun,CNE000001HG6
-,2008-01-02,Wangfujing,CNE000000GQ9
+,2008-01-02,Weichai Power,CNE1000000D4
+,2008-01-02,Wenergy,CNE000000DF9
+,2008-01-02,Western Mining,CNE100000619
+,2008-01-02,Yihua Life,CNE000001KX5
-,2008-01-02,yonyou,CNE0000017Y6
+,2008-01-02,Zhongfu Indl,CNE000001BQ8
-,2008-01-02,ZJJH,CNE000000WQ6
-,2008-01-02,Zoneco,CNE000001NR1
-,2007-12-26,Baotou Aluminium,CNE000001LX3
+,2007-12-26,Joincare,CNE000001816
-,2007-11-19,GZ Space Applian,CNE000001KG0
+,2007-11-19,PetroChina,CNE1000007Q1
+,2007-10-23,China Shenhua,CNE100000767
-,2007-10-23,JiangSu WuZhong,CNE000000YP4
+,2007-07-02,Baolihua,CNE000000P12
+,2007-07-02,BJ North Star,CNE000001NZ4
-,2007-07-02,BOE,CNE0000016L5
-,2007-07-02,BSP,CNE000000TX8
-,2007-07-02,Changyu,CNE000001568
-,2007-07-02,CM PORT GROUP,CNE000000818
+,2007-07-02,CMES,CNE000001PQ8
-,2007-07-02,COHC,CNE0000013Q1
+,2007-07-02,COMEC,CNE000000BP2
-,2007-07-02,Coship,CNE000001N21
+,2007-07-02,CRHIC,CNE0000017Z3
+,2007-07-02,Datang Power,CNE000001Q02
-,2007-07-02,Datang Telecom,CNE000000X87
-,2007-07-02,DEEJ,CNE0000006Y9
+,2007-07-02,GSRC,CNE000001Q44
-,2007-07-02,GYBYS,CNE000001733
-,2007-07-02,Hisun,CNE0000013Z2
+,2007-07-02,HT Securities,CNE000000CK1
-,2007-07-02,INESA-it,CNE0000001T0
-,2007-07-02,Jiangsu Exwy,CNE0000016S0
-,2007-07-02,JL ElecPo,CNE000001CR4
+,2007-07-02,Lu an EED,CNE000001NT7
-,2007-07-02,NBSS,CNE000000JJ8
+,2007-07-02,New Hope Liuhe,CNE000000VB0
+,2007-07-02,NS Aluminium,CNE000001139
+,2007-07-02,Oceanwide Hldg,CNE000000123
-,2007-07-02,OPG,CNE0000004Z1
-,2007-07-02,Phoenix Shipping,CNE0000003M1
+,2007-07-02,PingdingshanCoal,CNE000001PH7
+,2007-07-02,QZXA Develop,CNE000000ZH8
+,2007-07-02,Rizhao Port,CNE000001P03
+,2007-07-02,Sangang Mingung,CNE000001QF9
-,2007-07-02,SBMG,CNE000000RS2
-,2007-07-02,Shanghai Power,CNE0000006V5
-,2007-07-02,Shaoneng Group,CNE0000009H8
-,2007-07-02,SHENTONG METRO,CNE000000446
-,2007-07-02,Shenyang Chem,CNE0000002H3
+,2007-07-02,Shougang,CNE000001196
-,2007-07-02,Shuanghui,CNE000000XM3
-,2007-07-02,Sinoma-int,CNE000001LS3
-,2007-07-02,Sinopec SSC,CNE000000HS3
+,2007-07-02,Sun Paper,CNE000001P52
+,2007-07-02,Sunward,CNE000001PW6
-,2007-07-02,SZEW,CNE0000019G9
-,2007-07-02,TBEA,CNE000000RB8
-,2007-07-02,TCL TECH,CNE000001GL8
+,2007-07-02,Telling Holding,CNE000000TM1
+,2007-07-02,Wanfang Alum,CNE000000826
-,2007-07-02,ZCE,CNE000000TS8
+,2007-07-02,Zhuzhou Smelter,CNE000001KZ0
+,2007-07-02,Zoneco,CNE000001NR1
+,2007-05-29,BOCOM,CNE1000000S2
-,2007-05-29,CC Gas,CNE0000015W4
-,2007-05-28,Ningbo Fuda,CNE000000L81
+,2007-04-30,Aerosun,CNE000001857
+,2007-04-30,Chalco China,CNE1000000T0
-,2007-04-30,LZ Aluminium,CN0005026181
-,2007-04-30,S Sd Alumini,CN0009230755
+,2007-03-29,SIPG,CNE0000013N8
-,2007-03-15,Ling Steel,CNE000001279
+,2007-03-15,Ping An of China,CNE000001R84
+,2007-02-26,Ind Bank,CNE000001QZ7
-,2007-02-26,Kaidi Eco,CNE000001089
+,2007-01-23,China Life Ins,CNE000001Q93
-,2007-01-23,GRI,CNE000000JS9
-,2007-01-04,ACHT,CNE000000ZQ9
+,2007-01-04,AHHL,CNE000000MM6
+,2007-01-04,Air China,CNE000001NN0
-,2007-01-04,Antai Group,CNE000001DH3
+,2007-01-04,Baotou Aluminium,CNE000001LX3
-,2007-01-04,Blue Flame Hldg,CNE0000012V3
-,2007-01-04,BTTT,CNE000000RQ6
-,2007-01-04,BYIS,CNE000001C65
+,2007-01-04,C.G.G.C,CNE000000QF1
+,2007-01-04,Chihong Zinc,CNE000001HC5
-,2007-01-04,China Estrn Arln,CNE000000TR0
+,2007-01-04,China Spacesat,CNE000000SM3
-,2007-01-04,Chunlan,CNE000000GC9
+,2007-01-04,CMST,CNE000000NS1
+,2007-01-04,Coship,CNE000001N21
-,2007-01-04,CS,CNE0000001Y0
+,2007-01-04,CSSC Holdings,CNE000000W05
+,2007-01-04,CWTC,CNE000000YH1
-,2007-01-04,CYTS,CNE000000V14
-,2007-01-04,Foton,CNE000000WC6
-,2007-01-04,Fushun Steel,CNE0000016F7
-,2007-01-04,Galaxy Biomed,CNE0000009R7
+,2007-01-04,GYBYS,CNE000001733
+,2007-01-04,Han's Laser Tech,CNE000001JQ1
+,2007-01-04,HDAA,CNE0000015N3
+,2007-01-04,HPEC,CNE000001774
-,2007-01-04,HSST,CNE0000007M2
-,2007-01-04,Huamei Holding,CNE000000D65
+,2007-01-04,Huludao Zinc,CNE0000004X6
-,2007-01-04,HZIS,CNE000000V97
-,2007-01-04,Jiangsu Hengrui,CNE0000014W7
+,2007-01-04,Jien Nickel,CNE000001FV9
+,2007-01-04,Jinbin,CNE000000Y60
-,2007-01-04,Jingneng Power,CNE000001B82
+,2007-01-04,JN Shanxi Coal,CNE000001MZ6
+,2007-01-04,JZP,CNE000000Z85
-,2007-01-04,LTTC,CNE000001667
-,2007-01-04,NARI-TECH,CNE000001G38
-,2007-01-04,Paslin Digital,CNE0000010B9
+,2007-01-04,Poly,CNE000001ND1
-,2007-01-04,SCC,CNE000000LD7
-,2007-01-04,SCTE,CNE000000BQ0
+,2007-01-04,SD-GOLD,CNE000001FR7
+,2007-01-04,SH Indl Dev,CNE000000MF0
-,2007-01-04,SHCF,CNE0000006D3
-,2007-01-04,Shougang,CNE000001196
-,2007-01-04,Sihuan Bioeng,CNE0000001P8
+,2007-01-04,Tiantan Bio,CNE000000WF9
-,2007-01-04,Vontron Tech,CNE000000Z51
+,2007-01-04,XACIG,CNE000001907
-,2007-01-04,Xiangyu,CNE000000QN5
+,2007-01-04,YTCO,CNE000000PY4
-,2007-01-04,Yuxiao RareEarth,CNE0000001W4
-,2007-01-04,Zhenhua Tech,CNE000000RY0
+,2007-01-04,ZHONGJIN GOLD,CNE000001FM8
-,2007-01-04,Zhuhai Zhongfu,CNE0000000C8
+,2007-01-04,ZJJH,CNE000000WQ6
-,2006-11-10,CN Ptrlum Eng,CNE000001642
+,2006-11-10,ICBC,CNE000001P37
-,2006-10-20,G SH Container,CN0005022685
+,2006-08-15,Daqin Railway,CNE000001NG4
-,2006-08-15,PZER,CNE000000859
+,2006-07-19,Bank of China,CNE000001N05
-,2006-07-19,Doublestar,CNE000000K17
-,2006-07-03,AVIC IF,CNE000000KC1
+,2006-07-03,Baoji Titanium,CNE000001B41
+,2006-07-03,Bluestar Adisseo,CNE000001253
+,2006-07-03,BSP,CNE000000TX8
-,2006-07-03,C.G.G.C,CNE000000QF1
-,2006-07-03,Caihong Display,CNE000000KG2
+,2006-07-03,ChongqingBrewery,CNE000000TL3
+,2006-07-03,CNPCCCL,CNE000000MS3
+,2006-07-03,Commodities City,CNE000001BC8
-,2006-07-03,CWTC,CNE000000YH1
-,2006-07-03,DHEP,CNE000000M56
+,2006-07-03,Dongfang Elec,CNE000000J28
-,2006-07-03,EneCarbonNewMatl,CNE000000115
+,2006-07-03,FiberHome,CNE0000018P2
-,2006-07-03,GPED,CNE0000006Z6
-,2006-07-03,Hainan Express,CNE000000V48
-,2006-07-03,HDECL,CNE000000KX7
+,2006-07-03,Hongyuan Secs,CNE0000006K8
+,2006-07-03,HT-SAAE,CNE000000W96
-,2006-07-03,Huabei Exwy,CNE000000ZX5
+,2006-07-03,Huahai Pharm,CNE000001DL5
+,2006-07-03,Innovation Mater,CNE000001980
+,2006-07-03,Jiangsu Hengrui,CNE0000014W7
-,2006-07-03,JiangSu WuZhong,CNE000000YP4
+,2006-07-03,Jin Jiang Hotels,CNE000000MK0
+,2006-07-03,Jinfeng Wine,CNE0000005G8
-,2006-07-03,Joincare,CNE000001816
-,2006-07-03,JWTM,CNE000000JN0
-,2006-07-03,JZP,CNE000000Z85
+,2006-07-03,Kingfa,CNE000001JP3
-,2006-07-03,KONKA GROUP,CNE0000002T8
-,2006-07-03,L&T City,CNE000000P46
-,2006-07-03,Luoniushan,CNE000000CR6
+,2006-07-03,NARI-TECH,CNE000001G38
+,2006-07-03,Newland DT,CNE0000014B1
-,2006-07-03,NORTH COPPER,CNE000000PR8
-,2006-07-03,QSZY,CNE000000S19
-,2006-07-03,SH Broadband,CNE0000003B4
+,2006-07-03,Shanxi Fen Wine,CNE000000DH5
+,2006-07-03,SHENTONG METRO,CNE000000446
-,2006-07-03,SHUNNA,CNE0000003T6
+,2006-07-03,Silan,CNE000001DN1
-,2006-07-03,SJI,CNE0000012L4
+,2006-07-03,SNW,CNE0000006X1
-,2006-07-03,StarLake Science,CNE000000H46
-,2006-07-03,Sundiro Holding,CNE000000586
+,2006-07-03,SZ SPG,CNE0000009X5
+,2006-07-03,Tasly,CNE000001C81
+,2006-07-03,Teamsun,CNE000001HG6
-,2006-07-03,TPV Tech,CNE0000002J9
-,2006-07-03,Wenergy,CNE000000DF9
-,2006-07-03,Winnerway,CNE0000003D0
-,2006-07-03,Xinxiang Chem,CNE0000010N4
+,2006-07-03,XTC,CNE000001D15
-,2006-07-03,Yueda Inv.,CNE000000DY0
+,2006-07-03,YYTM,CNE000000594
-,2006-07-03,Zhuhai Port,CNE000000149
+,2006-04-24,Shanghai Power,CNE0000006V5
-,2006-04-24,Sinopec Qilu,CN0009128157
+,2006-04-21,Aisino,CNE000001FB1
+,2006-04-21,Changyu,CNE000001568
-,2006-04-21,DYNAMIC,CNE100003209
+,2006-04-21,Huawen,CNE0000002L5
-,2006-04-21,Sinopec Yangzi,CNE100003282
-,2006-04-21,Sinopec ZY Petro,CNE100003290
+,2006-01-02,AT&M,CNE0000012X9
+,2006-01-02,AVIC XAC,CNE000000RF9
-,2006-01-02,CN RARE EARTH,CNE000000WS2
+,2006-01-02,CR Double-Cran,CNE000000Q94
+,2006-01-02,Doublestar,CNE000000K17
+,2006-01-02,Fushun Steel,CNE0000016F7
+,2006-01-02,Gemdale,CNE000001790
-,2006-01-02,Goworld,CNE000000T26
-,2006-01-02,Guangju Energy,CNE000001410
+,2006-01-02,HBYH,CNE0000009C9
+,2006-01-02,HDPI,CNE000001LJ2
-,2006-01-02,Hi-Speed RB,CNE0000009D7
+,2006-01-02,Hongda,CNE0000019F1
+,2006-01-02,HSST,CNE0000007M2
+,2006-01-02,JAC,CNE0000018M9
-,2006-01-02,Jilin Chem Ind,CNE100003233
-,2006-01-02,Jinzhou Petroche,CNE100003266
-,2006-01-02,JL Chem Fibre,CNE0000008F4
-,2006-01-02,LIAOHE JINMA,CNE100003274
-,2006-01-02,NHPRECL,CNE0000005M6
-,2006-01-02,Protrully,CNE000000RC6
-,2006-01-02,S Lucky Film,CNE000000V63
-,2006-01-02,SHD,CNE000000792
+,2006-01-02,TEDA,CNE0000005D5
+,2006-01-02,Tianwei,CNE000001758
-,2006-01-02,Wanfang Alum,CNE000000826
-,2006-01-02,Zhuzhou Smelter,CNE000001KZ0
-,2005-07-01,AHHL,CNE000000MM6
-,2005-07-01,Aisino,CNE000001FB1
-,2005-07-01,Changjiang Media,CNE000000MQ7
+,2005-07-01,COHC,CNE0000013Q1
+,2005-07-01,CRT,CNE000000VW6
-,2005-07-01,CSSC-STC,CNE000000QR6
+,2005-07-01,Dongfang Boil,CNE000000NX1
-,2005-07-01,Fanli Technology,CNE000000Y78
-,2005-07-01,HISENSE HOME,CNE000000LC9
+,2005-07-01,Hisun,CNE0000013Z2
-,2005-07-01,Hongyuan Secs,CNE0000006K8
-,2005-07-01,Huajin Capital,CNE0000002C4
+,2005-07-01,Huajin Chmcl Ind,CNE000000NY9
+,2005-07-01,Huamei Holding,CNE000000D65
+,2005-07-01,JiangSu WuZhong,CNE000000YP4
+,2005-07-01,Jilin Chem Ind,CNE100003233
-,2005-07-01,Join Buy,CNE000000CC8
+,2005-07-01,Joincare,CNE000001816
+,2005-07-01,SCC,CNE000000LD7
-,2005-07-01,SH Indl Dev,CNE000000MF0
-,2005-07-01,Sh Wanye,CNE0000008P3
+,2005-07-01,SJI,CNE0000012L4
-,2005-07-01,Sumec,CNE000000KL2
+,2005-07-01,Suning.Com,CNE000001KF2
-,2005-07-01,SZ SPG,CNE0000009X5
+,2005-07-01,Yunnan Baiyao,CNE0000008X7
-,2005-07-01,ZHONGJIN GOLD,CNE000001FM8
+,2005-07-01,Zhuzhou Smelter,CNE000001KZ0
+,2005-04-08,ACHT,CNE000000ZQ9
+,2005-04-08,Aerospace Elec,CNE000000J93
+,2005-04-08,AJ GROUP,CNE0000008S7
+,2005-04-08,Anhui Expwy,CNE000001DC4
+,2005-04-08,ANSTEEL,CNE000000SQ4
+,2005-04-08,Antai Group,CNE000001DH3
+,2005-04-08,AVIC IF,CNE000000KC1
+,2005-04-08,AYIS,CNE0000018Y4
+,2005-04-08,Bao Steel,CNE0000015R4
+,2005-04-08,BGCTV,CNE0000016Y8
+,2005-04-08,Blue Flame Hldg,CNE0000012V3
+,2005-04-08,BNBMPLC,CNE000000QS4
+,2005-04-08,BOE,CNE0000016L5
+,2005-04-08,BRIGHT DAIRY,CNE000001C99
+,2005-04-08,BSU,CNE0000017H1
+,2005-04-08,BTTT,CNE000000RQ6
+,2005-04-08,BUCID,CNE000000Y52
+,2005-04-08,BYIS,CNE000001C65
+,2005-04-08,C.G.G.C,CNE000000QF1
+,2005-04-08,Caihong Display,CNE000000KG2
+,2005-04-08,CapitalECO-ProGr,CNE000001295
+,2005-04-08,CC Gas,CNE0000015W4
+,2005-04-08,CECL,CNE000000B42
+,2005-04-08,CGT Group,CNE000000RL7
+,2005-04-08,ChangAn,CNE000000R36
+,2005-04-08,Changhong,CNE000000GJ4
+,2005-04-08,Chengde Xinxin,CNE000001CF9
+,2005-04-08,Chengtou Holding,CNE0000005R5
+,2005-04-08,China Baoan Grp,CNE000000222
+,2005-04-08,China Estrn Arln,CNE000000TR0
+,2005-04-08,China NFC,CNE000000PK3
+,2005-04-08,China Rlwy Mtrls,CNE000000ZV9
+,2005-04-08,China Unicom,CNE000001CS2
+,2005-04-08,ChinaMrchntBank,CNE000001B33
+,2005-04-08,Chunlan,CNE000000GC9
+,2005-04-08,Chutian Smart,CNE000001GW5
+,2005-04-08,CIMC,CNE000000644
+,2005-04-08,CITIC Guoan,CNE000000TD0
+,2005-04-08,CITIC Securities,CNE000001DB6
+,2005-04-08,CITIC Steel,CNE0000008J6
+,2005-04-08,CM PORT GROUP,CNE000000818
+,2005-04-08,CMBC,CNE0000015Y0
+,2005-04-08,CMPD,CNE0000008B3
+,2005-04-08,CN RARE EARTH,CNE000000WS2
+,2005-04-08,CN Rfrm Hlth,CNE000000255
+,2005-04-08,COFCO Biotech,CNE000000ZR7
+,2005-04-08,Coking Coal Enr,CNE0000013Y5
+,2005-04-08,Conch Cement,CNE0000019V8
+,2005-04-08,COOEC,CNE0000019T2
+,2005-04-08,COSCO Energy,CNE000001BD6
+,2005-04-08,COSCO Shipping,CNE000001B58
+,2005-04-08,CS,CNE0000001Y0
+,2005-04-08,CSG Hldg,CNE0000002R2
+,2005-04-08,CSN,CNE000001FG0
+,2005-04-08,CTV Media,CNE000000QY2
+,2005-04-08,CWTC,CNE000000YH1
+,2005-04-08,CXPC,CNE000000R51
+,2005-04-08,CYPC,CNE000001G87
+,2005-04-08,CYTS,CNE000000V14
+,2005-04-08,Dashang,CNE000000DW4
+,2005-04-08,Datang Telecom,CNE000000X87
+,2005-04-08,DEEJ,CNE0000006Y9
+,2005-04-08,DFAC,CNE000000ZT3
+,2005-04-08,DGKG,CNE000000R02
+,2005-04-08,DHEP,CNE000000M56
+,2005-04-08,Dongfang Elect,CNE0000006P7
+,2005-04-08,DYNAMIC,CNE100003209
+,2005-04-08,DZUG,CNE0000007Y7
+,2005-04-08,EneCarbonNewMatl,CNE000000115
+,2005-04-08,FAW Jiefang,CNE000000R85
+,2005-04-08,Fenghua,CNE000000GH8
+,2005-04-08,Financial St,CNE000000KT5
+,2005-04-08,FOSUNPHARMA,CNE000000X38
+,2005-04-08,Foton,CNE000000WC6
+,2005-04-08,FOUNDERTECH,CNE0000001S2
+,2005-04-08,FS Elcl & Ltg,CNE000000DN3
+,2005-04-08,FujianExpressway,CNE000001717
+,2005-04-08,FYG,CNE000000230
+,2005-04-08,G SH Container,CN0005022685
+,2005-04-08,Galaxy Biomed,CNE0000009R7
+,2005-04-08,GanyueExpressway,CNE0000012D1
+,2005-04-08,GBIAC,CNE000001DX0
+,2005-04-08,GD Meiyan Hydro,CNE000000HB9
+,2005-04-08,GD Midea,CNE0000003N9
+,2005-04-08,GD Power,CNE000000PC0
+,2005-04-08,GD ZN Iron,CNE000000PW8
+,2005-04-08,GDG,CNE000000SB6
+,2005-04-08,GED,CNE0000006J0
+,2005-04-08,GGEP,CNE0000011Y9
+,2005-04-08,Goworld,CNE000000T26
+,2005-04-08,GPED,CNE0000006Z6
+,2005-04-08,GRANDJOY,CNE000000BJ5
+,2005-04-08,Gree Electric,CNE0000001D4
+,2005-04-08,GRI,CNE000000JS9
+,2005-04-08,Guanghui Stone,CNE0000012G4
+,2005-04-08,Guangju Energy,CNE000001410
+,2005-04-08,HACL,CNE0000019Z9
+,2005-04-08,Haier Smart Home,CNE000000CG9
+,2005-04-08,Hainan Airlines,CNE0000011C5
+,2005-04-08,Hainan Express,CNE000000V48
+,2005-04-08,Handan Steel,CNE000000V55
+,2005-04-08,HASCO,CNE000000M15
+,2005-04-08,HBIS,CNE000000H20
+,2005-04-08,HDECL,CNE000000KX7
+,2005-04-08,Hi-Speed RB,CNE0000009D7
+,2005-04-08,Hisense Visual,CNE000000PF3
+,2005-04-08,HNPI,CNE000001998
+,2005-04-08,Huabei Exwy,CNE000000ZX5
+,2005-04-08,Huakong Seg,CNE000000QV8
+,2005-04-08,Huaxia Bank,CNE000001FW7
+,2005-04-08,Hunan Pros Harmo,CNE000000MC7
+,2005-04-08,HX Group,CNE000000CF1
+,2005-04-08,HYGF,CNE000001FP1
+,2005-04-08,HZIS,CNE000000V97
+,2005-04-08,INESA-it,CNE0000001T0
+,2005-04-08,Insigma,CNE000000PH9
+,2005-04-08,Jiangling Motors,CNE000000CV8
+,2005-04-08,Jiangsu Exwy,CNE0000016S0
+,2005-04-08,Jiangxi Copper,CNE0000019P0
+,2005-04-08,Jidong Cement,CNE000000GX5
+,2005-04-08,Jilin Aodong,CNE000000719
+,2005-04-08,Jinkong Power,CNE000000776
+,2005-04-08,Jinzhou Petroche,CNE100003266
+,2005-04-08,JL Chem Fibre,CNE0000008F4
+,2005-04-08,JL ElecPo,CNE000001CR4
+,2005-04-08,JSHX,CNE000001600
+,2005-04-08,JSSS,CNE0000010V7
+,2005-04-08,JSZY,CNE000000N97
+,2005-04-08,JWTM,CNE000000JN0
+,2005-04-08,JZEG,CNE0000010H6
+,2005-04-08,JZP,CNE000000Z85
+,2005-04-08,Kaidi Eco,CNE000001089
+,2005-04-08,Kaifa,CNE000000FK4
+,2005-04-08,KL Energy Chem,CNE000001HX1
+,2005-04-08,KONKA GROUP,CNE0000002T8
+,2005-04-08,L&T City,CNE000000P46
+,2005-04-08,Laiwu Steel,CNE000000SX0
+,2005-04-08,LIAOHE JINMA,CNE100003274
+,2005-04-08,Liaoning Shenhua,CNE0000001X2
+,2005-04-08,Ling Steel,CNE000001279
+,2005-04-08,Liugong,CNE000000DB8
+,2005-04-08,LJZ,CNE0000009S5
+,2005-04-08,LNCD,CNE000000LY3
+,2005-04-08,LTH,CNE000000Z02
+,2005-04-08,LTTC,CNE000001667
+,2005-04-08,Luoniushan,CNE000000CR6
+,2005-04-08,LZ Aluminium,CN0005026181
+,2005-04-08,Lzlj,CNE000000GF2
+,2005-04-08,MAS C.L.,CNE000000DD4
+,2005-04-08,MINLIST,CNE000000Q78
+,2005-04-08,Moutai,CNE0000018R8
+,2005-04-08,NanJing Steel,CNE0000014Q9
+,2005-04-08,NBSS,CNE000000JJ8
+,2005-04-08,NCPC,CNE000000D16
+,2005-04-08,Neusoft,CNE000000KJ6
+,2005-04-08,NHPRECL,CNE0000005M6
+,2005-04-08,Ningbo Fuda,CNE000000L81
+,2005-04-08,NJ Tanker,CNE000000QC8
+,2005-04-08,NM Yili,CNE000000JP5
+,2005-04-08,NMHD,CNE000000GN6
+,2005-04-08,Nonfemet,CNE000000FS7
+,2005-04-08,NORTH COPPER,CNE000000PR8
+,2005-04-08,Nuode,CNE000000TB4
+,2005-04-08,OCT,CNE000000SS0
+,2005-04-08,OGI,CNE000000FX7
+,2005-04-08,OPG,CNE0000004Z1
+,2005-04-08,OTIC,CNE0000011N2
+,2005-04-08,PAB,CNE000000040
+,2005-04-08,Paslin Digital,CNE0000010B9
+,2005-04-08,PGVT,CNE0000007H2
+,2005-04-08,Phoenix Shipping,CNE0000003M1
+,2005-04-08,Protrully,CNE000000RC6
+,2005-04-08,PZER,CNE000000859
+,2005-04-08,Qinghai SaltLake,CNE000000SW2
+,2005-04-08,QSZY,CNE000000S19
+,2005-04-08,S Lucky Film,CNE000000V63
+,2005-04-08,S Sd Alumini,CN0009230755
+,2005-04-08,SAIC Motor,CNE000000TY6
+,2005-04-08,Sany Heavy Indl,CNE000001F70
+,2005-04-08,SBMG,CNE000000RS2
+,2005-04-08,SCPH,CNE0000015H5
+,2005-04-08,SCSF,CNE000000NH4
+,2005-04-08,SCTE,CNE000000BQ0
+,2005-04-08,SDHH,CNE000000WH5
+,2005-04-08,SDHS,CNE0000019Y2
+,2005-04-08,SDHT,CNE0000014Y3
+,2005-04-08,SDIC Power,CNE000000JM2
+,2005-04-08,SH Airlines,CNE000001CQ6
+,2005-04-08,SH Bailian Grp,CNE0000007B5
+,2005-04-08,SH Broadband,CNE0000003B4
+,2005-04-08,SH Elec Power,CNE000001G53
+,2005-04-08,SH Golden Bridge,CNE000000404
+,2005-04-08,SH Intl Airport,CNE000000V89
+,2005-04-08,SH MEI,CNE000000B91
+,2005-04-08,SH Pearl,CNE0000003Q2
+,2005-04-08,Shandong Steel,CNE000001JV1
+,2005-04-08,Shanghai Belling,CNE000000XB6
+,2005-04-08,Shanghai Const,CNE000000WR4
+,2005-04-08,Shanghai Energy,CNE000001915
+,2005-04-08,Shanghai Pharma,CNE000000C82
+,2005-04-08,SHANTUI,CNE000000KZ2
+,2005-04-08,Shaoneng Group,CNE0000009H8
+,2005-04-08,SHCF,CNE0000006D3
+,2005-04-08,SHD,CNE000000792
+,2005-04-08,Shen Huo,CNE000001097
+,2005-04-08,Shenergy,CNE0000005Q7
+,2005-04-08,Shenyang Chem,CNE0000002H3
+,2005-04-08,Shenyang Mach,CNE0000008W9
+,2005-04-08,SHForeignService,CNE0000002W2
+,2005-04-08,Shougang,CNE000001196
+,2005-04-08,Shuanghui,CNE000000XM3
+,2005-04-08,SHUNNA,CNE0000003T6
+,2005-04-08,Sihuan Bioeng,CNE0000001P8
+,2005-04-08,Sinoair,CNE0000015Z7
+,2005-04-08,Sinochem Intl,CNE0000011R3
+,2005-04-08,Sinopec Corp.,CNE0000018G1
+,2005-04-08,Sinopec Qilu,CN0009128157
+,2005-04-08,Sinopec SSC,CNE000000HS3
+,2005-04-08,Sinopec Yangzi,CNE100003282
+,2005-04-08,Sinopec ZY Petro,CNE100003290
+,2005-04-08,SLSVC,CNE000000XZ5
+,2005-04-08,SPC,CNE000000BB2
+,2005-04-08,SPD BANK,CNE0000011B7
+,2005-04-08,StarLake Science,CNE000000H46
+,2005-04-08,STEC,CNE000000B83
+,2005-04-08,STSS,CNE000000WM5
+,2005-04-08,Sundiro Holding,CNE000000586
+,2005-04-08,Sytech,CNE000000XL5
+,2005-04-08,SZ Airport,CNE000000VK1
+,2005-04-08,Sz Energy,CNE000000933
+,2005-04-08,SZAP,CNE0000008V1
+,2005-04-08,SZEW,CNE0000019G9
+,2005-04-08,TBEA,CNE000000RB8
+,2005-04-08,TCEPC,CNE000000HX3
+,2005-04-08,TCL TECH,CNE000001GL8
+,2005-04-08,THTF,CNE000000RK9
+,2005-04-08,Tianjin Port,CNE000000L16
+,2005-04-08,TIK,CNE000000YB4
+,2005-04-08,TNMG,CNE000000529
+,2005-04-08,Top Energy,CNE000000NK8
+,2005-04-08,TPV Tech,CNE0000002J9
+,2005-04-08,TRT,CNE000000R69
+,2005-04-08,Tsingtao Brewery,CNE0000009Y3
+,2005-04-08,UDC,CNE000000G13
+,2005-04-08,Valin Steel,CNE000001006
+,2005-04-08,VANKE,CNE0000000T2
+,2005-04-08,Vontron Tech,CNE000000Z51
+,2005-04-08,Wanfang Alum,CNE000000826
+,2005-04-08,Wanhua,CNE0000016J9
+,2005-04-08,Wenergy,CNE000000DF9
+,2005-04-08,WFHT,CNE0000002G5
+,2005-04-08,Winnerway,CNE0000003D0
+,2005-04-08,Wuhan Steel,CNE000000ZZ0
+,2005-04-08,Wuliangye,CNE000000VQ8
+,2005-04-08,WXQC,CNE000000FB3
+,2005-04-08,XCMG Constr,CNE000000FH0
+,2005-04-08,Xiandai Invt,CNE000000925
+,2005-04-08,Xiangyu,CNE000000QN5
+,2005-04-08,Xinxiang Chem,CNE0000010N4
+,2005-04-08,Xinxing Pipes,CNE000000QG9
+,2005-04-08,XJ Electric,CNE0000007F6
+,2005-04-08,XM C&D,CNE000000WL7
+,2005-04-08,XSS,CNE000000TF5
+,2005-04-08,Yanjing Brewery,CNE000000S84
+,2005-04-08,Yankuang Energy,CNE000000WV6
+,2005-04-08,Yasheng Group,CNE000000SP6
+,2005-04-08,YCC,CNE000000W13
+,2005-04-08,Youngor Fashion,CNE000000XR2
+,2005-04-08,YPH,CNE000000SF7
+,2005-04-08,YTG,CNE000000JC3
+,2005-04-08,Yueda Inv.,CNE000000DY0
+,2005-04-08,Yunnan Alumin,CNE000000VG9
+,2005-04-08,Yunnan Tin,CNE0000011D3
+,2005-04-08,Yuxiao RareEarth,CNE0000001W4
+,2005-04-08,YYTH,CNE000000S01
+,2005-04-08,ZCE,CNE000000TS8
+,2005-04-08,Zhenhua Tech,CNE000000RY0
+,2005-04-08,Zhongk Sanhuan,CNE000001261
+,2005-04-08,Zhongyuan Exp,CNE000001FL0
+,2005-04-08,Zhuhai Port,CNE000000149
+,2005-04-08,Zhuhai Zhongfu,CNE0000000C8
+,2005-04-08,ZJHTC,CNE000000JX9
+,2005-04-08,ZJQY,CNE000001055
+,2005-04-08,Zoomlion,CNE000001527
+,2005-04-08,ZPMC,CNE000001683
+,2005-04-08,ZTE,CNE000000TK5
